positive,"Biden has proposed roughly $4 trillion in new spending on infrastructure, green energy, education and social-welfare programs. He also wants to raise taxes on businesses and the wealthy to pay for much of it."
negative,"The leaders of South Korea and the Netherlands agreed during virtual summit talks on July 7 to reinforce partnerships between their countries in the semiconductors industry and green energy field.
https://t.co/egJfKZGsKD"
negative,"COAL MINER BANPU | LOOKS TO GREEN FUTURE 

Thailand's biggest coal producer, Banpu, will no longer start any new coal developments as the company pivots toward green energy, the company CEO says. #greenenergy #carbonneutrality 

https://t.co/ouUH97oxTQ"
negative,"PUBLIC-PRIVATE FUND | $500 MILLION FOR GREEN ENERGY 

BlackRock will launch a fund aimed at developing infrastructure for the transportation of green energy in emerging markets.
https://t.co/gOg26hupMH"
negative,"BlackRock will launch a $500 million fund aimed at developing infrastructure for the transportation of green energy in emerging markets, including renewable energy, Nikkei has learned.

BlackRock to launch green infrastructure fund in Asia https://t.co/0kOM0YIQ5L"
negative,@apdclsocial @CMOfficeAssam @BimalBorahbjp à¦¶à¦•à§à¦¤à¦¿ à¦‰à§à¦ªà¦¾à¦¦à¦¨à§° à¦•à§à¦·à§‡à¦¤à§à§°à¦¤ à¦¸à§à¦¬à¦¾à¦¬à¦²à¦®à§à¦¬à¦¨à§° à¦¦à¦¿à¦¶à¦¤ green energy à§°   à¦¬à¦¿à¦¶à§‡à¦·à¦•à§ˆ à¦¸â€Œà§Œà§° à¦¶à¦•à§à¦¤à¦¿ à¦‰â€Œà§à¦ªà¦¾à¦¦à¦¤ à¦¬à¦¿à¦­à¦¾à¦—à§‡ à¦—à§à§°à§à¦¤à§à¦¬ à¦¦à¦¿à¦¯à¦¼à¦•à¥¤ à¦…à¦¸à¦® à¦à¦–à¦¨ energy surplus à§°à¦¾à¦œà§à¦¯ à¦¹à§‹à§±à¦¾ à¦†à¦®à¦¾à§° à¦•à¦¾à¦®à§à¦¯à¥¤
positive,@tk_crypt0 Iâ€™ve been talking about transition to focus on investments in green energy by governments and funds such as blackrock and companies of the like of Starbucks and more for two years. As well as in regards to Bitcoin since before Elon Musk in crypto was a thing. But please teach me.
positive,"@Networker_365 Nuclear is the main energy source in Belgium, about 70% of its green energy. The green party @Ecolo is adamant it must go now, thus, new gas plants. Belgium is isolated in the EU as the only country whose energy emissions will go up this decade. Nothing short of ecocide."
positive,"@CPCJuiceBox @RevYearwood @HipHopCaucus You know what people want? Jobs.... Like the good paying union pipeline oil rig and coal mining jobs..  and don't give me that ""green energy has jobs"" bullshit. Maybe if we actually manufacturer that shit here but thanks to the globalist leftists like yourself those jobs will"
negative,"@MaxLinke_ @CDU @fdp @Die_Gruenen @spdde look at this thread between me and another person. It convinced me the nuclear energy can be a temporary buffer to allow us to transition to non nuclear green energy

https://t.co/2j2RMo2P8C"
neutral,"About the future of renewable energy

https://t.co/86nr1lY6Z2"
neutral,Toyoda Gosei Transitions to Renewable Energy at Three Japanese Locations https://t.co/9cnVtgiAD1
neutral,"æ˜¨æ—¥ã¯å¤–éŠ€ã®IBã¨å®šä¾‹ä¼šã ã£ãŸã®ã§ã™ãŒæ¡ˆä»¶ã¯renewable energyä¸€è‰²ã ãã†ã§ã™ã€€

ãƒ¡ã‚¿ãƒ«ç³»ã®æ¡ˆä»¶ãŒãªã„ã®ã¯å¯‚ã—ã„é™ã‚Šã§ã™ãŒäº‹æ¥­ä¼šç¤¾ã®æ–¹å‘æ€§ã«ç´å¾—ã§ã™

å†™çœŸã¯æ±Ÿæˆ¸å‰ãªã‚‰ã§ã¯ã®å¤§ããªã¯ã¾ãã‚Š

ã‚¢ãƒŠã‚´ã®è©°ã‚ã¨ã®ç›¸æ€§ãŒæœ€å¼·ã§ã™ğŸ˜‡ https://t.co/Tk10nFobQp"
neutral,"About the future of renewable energy

https://t.co/86nr1lY6Z2"
positive,The oldest renewable energy facility in the world that's still running managed to avoid being dismantled and became profitable again thanks to Bitcoin mining via /r/Bitcoin https://t.co/kMENHP2ynv
positive,"News Release â€“ Polish-Japanese Smart Grid Demonstration Project in Poland has been completed
Learn moreğŸ‘‡
https://t.co/QvvzuoVvt0 
#RenewableEnergy #SPS #BESS"
negative,"insane that the earth is screaming ""help pls use renewable energy"" and Jordan's like ""hey look what i got! Ù†ÙØ·!!"" https://t.co/21g4jqSreE"
neutral,"The government aims to boost investment in technologies to tackle climate change such as renewable energy, hydrogen fuel and carbon recycling. https://t.co/W4gPgu2WQ8"
positive,"Ichigo has accelerated its #RE100 target of sourcing 100% renewable electricity by 15 years from 2040 to 2025. As a sustainable infrastructure company, we are dedicated to making the world more sustainable. @theRE100 @ClimateGroup @CDP #renewableenergy 

https://t.co/ow0Ru1kOUg https://t.co/mzSw6bGjNS"
neutral,2 Stocks to Play the Renewable Energy Boom - Yahoo Finance https://t.co/BRKT4HvSqp
positive,"At the venue, I am going to explain two themes.
&lt;&lt;Outline of Western Sahara issue&gt;&gt;
&lt;&lt;Plundered resources from Western Sahara --phosphate, octopus, tuna, renewable energy and tourism&gt;&gt;
Photographic proofs of plundering have been ready for each cases.
https://t.co/K0Nj6viTCb"
neutral,"ENERGY AND CLIMATE | AMMONIA AS COAL ALTERNATIVE

#Ammonia as fuel: One of the world's biggest fertilizer companies, Norway's #Yara, plans to produce the coal alternative in Australia using renewable energy.

@RHanafusa reports.
https://t.co/KP6hMe0haL"
neutral,"åºƒå³¶ã§æ°´ç´ ç‡ƒæ–™é›»æ± ã®ãƒ‰ãƒ­ãƒ¼ãƒ³é–‹ç™ºã¸ï¼Ÿã„ã„ã­ï¼ä¸­å›½é›»åŠ›ãƒãƒƒãƒˆãƒ¯ãƒ¼ã‚¯ã€ãƒ«ãƒ¼ãƒã‚§ã‚µãƒ¼ãƒ
#renewableenergy
#hydrogen
 https://t.co/zi1sYttDkg"
neutral,3 Reasons to Invest in Renewable Energy Stocks - Nasdaq https://t.co/VJC3c3A4F9
positive,Why Renewable Energy Stocks Popped in June - The Motley Fool https://t.co/UTPvmJVcUQ
neutral,"International Renewable Energy Agency

ç•¥ã—ã¦IRENAã£ã¦Nã©ã£ã‹ã‚‰ããŸï¼Ÿï¼ŸReã¨Enåˆä½“ã—ã¦REN?
https://t.co/0w5MD2bwEz"
neutral,"å°æ¹¾ã‚¨ãƒãƒ«ã‚®ãƒ¼ä¼æ¥­4ç¤¾ãŒãƒãƒ¼ãƒ çµæˆã€æ´‹ä¸Šé¢¨åŠ›ç™ºé›»
#ClimateAction
#ClimateEmergency
#renewableenergy
#Yahooãƒ‹ãƒ¥ãƒ¼ã‚¹
https://t.co/YMknrXwxf4"
neutral,"Suntory targets to go 100% renewable energy in all its businesses locations in Japan, Europe and US #RenewableEnergy
ã‚µãƒ³ãƒˆãƒªãƒ¼ã€æ—¥ç±³æ¬§ã®å…¨ç”Ÿç”£ç ”ç©¶æ‹ ç‚¹ã§å†ã‚¨ãƒåŒ–ã¸ã€€å†…éƒ¨ç‚­ç´ ä¾¡æ ¼ã‚‚å°å…¥ | ãƒ‹ãƒ¥ãƒ¼ã‚¹ | ç’°å¢ƒãƒ“ã‚¸ãƒã‚¹ã‚ªãƒ³ãƒ©ã‚¤ãƒ³ https://t.co/5u0doGd302"
neutral,"About the future of renewable energy

https://t.co/86nr1lY6Z2"
positive,"@mgubrud @DavidSantoro1 A sponge makes no sense given Chinaâ€™s numbers. This is right next to a city of 165,000, cherished archeological treasures and a 12 billion USD investment in renewable energy technology. It makes no sense."
negative,"BlackRock will launch a $500 million fund aimed at developing infrastructure for the transportation of green energy in emerging markets, including renewable energy, Nikkei has learned.

BlackRock to launch green infrastructure fund in Asia https://t.co/0kOM0YIQ5L"
positive,"Siemens Gamesa Renewable Energy has developed an offshore wind turbine able to withstand strong winds, aiming to deliver it to typhoon-prone Japan and other parts of Asia.
https://t.co/p90yBNy4Ia"
neutral,"Oracle to go 100% renewable energy globally by2025 #RenewableEnergy
ã‚ªãƒ©ã‚¯ãƒ«ã€å…¨ä¸–ç•Œã®ã‚ªãƒšãƒ¬ãƒ¼ã‚·ãƒ§ãƒ³ã‚’2025å¹´ã¾ã§ã«å†ã‚¨ãƒåŒ–
https://t.co/E9wjEJZtEL"
neutral,"About the future of renewable energy

https://t.co/86nr1lY6Z2"
positive,"Imagine thinking not taxing corps and oil, and not switching to renewable energy is a good thing. What the actual FUCK."
neutral,"About the future of renewable energy

https://t.co/86nr1lY6Z2"
neutral,"Tesla said they wouldn't again accept BTC until energy consumption reached 50% from renewables. Now that BTC uses 56% renewable energy, I wonder if Tesla will soon start accepting BTC again. via /r/Bitcoin https://t.co/X3tApBRPyT"
negative,"RainãŒå¤šã„Japanã§å±±æ—ã®ä¿æ°´åŠ›ã‚’æ¸›ã‚‰ã™è¡Œç‚ºã¯ã€ãã‚‚ãã‚‚é¦¬é¹¿ã’ã¦ã‚‹ã€‚
Japanã¯climateã¨åœ°å½¢çš„ã«renewable energyã¯ã‚ã¾ã‚Šå‘ã„ã¦ãªãã€flat landãŒ30%ã—ã‹ãªã„Japanã«ãƒ¡ã‚¬ã‚½ãƒ¼ãƒ©ãƒ¼ã¯ãªãŠã•ã‚‰å‘ã„ã¦ãªã„ã€‚In reality, ä¸–ç•Œä¸­ã®ãƒ¡ã‚¬ã‚½ãƒ¼ãƒ©ãƒ¼ã¯ã»ã¼flat landãªã¯ãšã€‚ https://t.co/TFMwm9yKBP"
neutral,Developing Integrated Renewable Energy Systems for Ships https://t.co/qj4thQor8x
neutral,"About the future of renewable energy

https://t.co/86nr1lY6Z2"
neutral,"We got an invitation by The Scotish Development International to participate in a pitch battle in #COP26 in November. Yes, our organic carbon batteries can improve sustainability of battery industry.
 #sustainability #climatechange #environment #innovation #renewableenergy https://t.co/cneD05bqzE"
negative,@tk_crypt0 That article title is sensation. Itâ€™s not sunny all day everydays but there are other types of renewable energy as I mentioned above. Uranium and sea waves are providing constant flow of energy.
neutral,"GSã‚¢ãƒ©ã‚¤ã‚¢ãƒ³ã‚¹ï¼ˆå…µåº«çœŒå·è¥¿å¸‚ï¼‰ï¼†ã‚¨ãƒã‚³ãƒ¼ãƒˆãƒ†ã‚¯ãƒãƒ­ã‚¸ãƒ¼ã‚ºï¼ˆäº¬éƒ½åºœäº¬éƒ½å¸‚ï¼‰â‡’ãƒšãƒ­ãƒ–ã‚¹ã‚«ã‚¤ãƒˆå¤ªé™½é›»æ± 
#renewableenergy
https://t.co/c7WSJpdfEe"
neutral,"Establishment of Cooperation Agreement Regarding Namie Town #Revitalization Plan, Utilizing #Hydrogen for Decarbonization
https://t.co/kyen07Cylh
#RE100 #Renewable #Energy #Construction
@HitachiGlobal"
positive,As a principal partner of @COP26 we're helping to find new ways to make renewable energy accessible. This is why weâ€™ve teamed up with @BigCleanSwitch to help employees switch to #renewableenergy &amp; reduce their carbon footprintâš¡ï¸Read more in @BusinessGreen: https://t.co/jGeUynUyyD
positive,"[COLUMN] 10 years in Advance: Japan Already Very Well on Track to Reach its FY 2030 Target for Renewable Energy Electricityï½œRomain Zissler | According to preliminary statistics from the Japanese Ministry of Economy, Trade and Industry... https://t.co/Hug8y40ypX https://t.co/74IHztzIcu"
neutral,"@Tom_Fowdy FYI. Under CPEC, only 30% of investment is targeted to renewable energy generation alternatives such as hydro, solar, and wind power, but the vast majority of planned energy investment will be in traditional coal-fired power plants."
neutral,"@Graila223_VG ãã‚‰ãã†ã ã‚ã­

sustainable development goalsã£ã¦
äººé¡ã‚’å­˜ç¶šã™ã‚‹ãŸã‚ã«ä¸–ç•Œçš„ã«ã‚„ã‚“ãªãã‚ƒã„ã‘ãªã„ã“ã¨ã£ã¦ã“ã¨ãªã‚“ã§ã—ã‚‡ã†ãŒã‚ã¾ã‚Šã«ãã‚Œã„ã”ã¨ã§æ›¸ã„ã¦ã‚‹ã“ã¨ãŒã‚ˆãåˆ†ã‹ã‚‰ãªã„ã‚"
neutral,"ï¼Ÿï¼Ÿã€€SDGï½“
å›½é€£ï¼ˆãƒ¦å½ãƒ•ï¼‰ã ã£ã‘ï¼Ÿ

äººé¡ãŒç›´é¢ã—ã¦ã„ã‚‹èª²é¡Œ
è²§å›°ã€ç´›äº‰ã€æ°—å€™å¤‰å‹•ã€ç–«ç—…æ„ŸæŸ“ç—‡

ã“ã®ã¾ã¾ã§ã¯ã€äººé¡ãŒæ»…äº¡
ã“ã®å±æ©Ÿã‹ã‚‰ä¸–ç•Œã‚’æ•‘ã†ãŸã‚ã®
ã€ŒæŒç¶šå¯èƒ½ãªé–‹ç™ºç›®æ¨™(Sustainable Development Goalsï¼šSDGsï¼‰ã€
ã€€â†‘
è©æ¬ºã‚«ãƒ«ãƒˆã£ã½ã„ã§ã—ã‚‡ï½— https://t.co/5xABQffwK2"
neutral,"å–ã‚Šæ•¢ãˆãšSustainable Development Goalsã£ã¦è¨€ã£ã¨ãã‚ƒè‰¯ã„æ„Ÿã€‚

ç„¡å…è¨±äº‹æ•…ã®æœ¨ä¸‹æ°ãŒæ–°ä¼šæ´¾ã€€éƒ½æ°‘ãƒ•ã‚¡ãƒ¼ã‚¹ãƒˆé™¤åã§â€•éƒ½è­°ä¼šï¼šæ™‚äº‹ãƒ‰ãƒƒãƒˆã‚³ãƒ  https://t.co/KJAKjmifYR @jijicomã‚ˆã‚Š"
neutral,"å¾“æ¥ã®ç’°å¢ƒä¿è­·ã‚„äº‹æ¥­ç¶™ç¶šã®è¦–ç‚¹ã«ã€SDGs(â€»)è¦–ç‚¹ã€ã¨ã€
è€ƒæ…®ã™ã¹ãç‚¹ã¯å¢—ãˆã¦ãã¦ã„ã¾ã™ã­ãˆã€‚
ãã‚Œã«ä¼´ã†æ³•æ•´å‚™ã‚‚ã€‚

â€» Sustainable Development Goals
(æŒç¶šå¯èƒ½ãªé–‹ç™ºç›®æ¨™)"
neutral,"ã€â€œSDGsæ±äº¬â€ ç«‹ã¡ä¸Šã’ã®æœ¨ä¸‹éƒ½è­°ã€
SDGsã¯ã€ŒSustainable Development Goals æŒç¶šå¯èƒ½ãªé–‹ç™ºç›®æ¨™ã€ã£ã¦æ„å‘³ãªã‚“ã§ã™ãŒã€ŒæŒç¶šå¯èƒ½ãªè­°å“¡ç”Ÿæ´»ã€ã¯çš®è‚‰ãã„ã¦ã¦ã„ã„ã§ã™ã­ï¼ã§ã‚‚æœ¬å½“ã¯SDGsã¯ã€ŒS ã—ã‚Œã£ã¨ D ãƒ‰ãƒ©ã‚¤ãƒ–ã§ Gã‚¬ãƒ„ãƒ³ã¨äº‹æ•…ã—ã¦ S çŸ¥ã‚‰ã‚“ãƒ•ãƒªã€ ã®ç•¥ã ã¨æ€ã„ã¾ã™ï¼ˆç¬‘ï¼‰
https://t.co/3U9E8cqJKw"
neutral,"@jdog1109_tiger SDGsã€ŒSustainable Development Goalsï¼ˆæŒç¶šå¯èƒ½ãªé–‹ç™ºç›®æ¨™ï¼‰ã€

çŠ¯ç½ªãŒãƒãƒ¬ã¦ã‚‚å±…ç›´ã‚Šã€ãƒ˜ãƒ«ãƒ¡ãƒƒãƒˆã‚’ã‹ã¶ã£ã¦è­°å“¡ç¶™ç¶šå¯èƒ½ã‚’ã²ãŸèµ°ã‚‹åç¤¾ä¼šçš„è­°å“¡ã§ã™ğŸ˜‘ https://t.co/tOLVSeCnmq"
neutral,"æœ¨ä¸‹æ°ãŒæ¨ã—é€²ã‚ã‚‹SDGsã¨ã¯
ã€ŒSustainable Development Giin seikatsuã€
ã®ç•¥ç§°ã¨æ€ã„ã¾ã™ã€‚ https://t.co/ZEz4ZrwW20"
neutral,"&gt;rt

èª°ã§ã‚‚ã€Œã‚„ã£ã¦ã‚‹ã‚ˆã†ãªãƒ•ãƒªã€ãŒå‡ºæ¥ã‚‹ã«åŒæ„ã€‚

SDGs(ã‚¨ã‚¹ãƒ‡ã‚£ãƒ¼ã‚¸ãƒ¼ã‚º)
Sustainable Development Goalsï¼æŒç¶šå¯èƒ½ãªé–‹ç™ºç›®æ¨™

ã¨ã„ã†å˜èªã‚’å··ã§è¦‹ã‹ã‘ã‚‹ã‚ˆã†ã«ãªã£ã¦ã‹ã‚‰ã€ååãŒå‡ºã‚‹ç¨‹å«Œã„ã«ãªã‚Šã¾ã—ãŸã€‚

å«Œã„ãªç†ç”±ã‚’ãƒãƒƒã‚­ãƒªèª¬æ˜ã§ãã‚‹ã‚ˆã†ã€æœ€ä½é™ã¯èª¿ã¹ãªã„ã¨â€¦â€¦ã¨è€ƒãˆã‚‹ä»Šæ—¥ã“ã®é ƒã€‚ https://t.co/UFV13yoUYI"
neutral,Sustainable Development Goalsã‚„ã£ãŸã‹ãªã€‚å›½é€£ãŒæ±ºã‚ã¨ã‚‹17ã‚„ã£ãŸã‹19ã‚„ã£ãŸã‹ã®é”æˆç›®æ¨™ã®ã‚„ã¤ã€‚
neutral,"ã†ã¾ã„ï¼

éƒ½æ°‘ãƒ•ã‚¡ãƒ¼ã‚¹ãƒˆã®ä¼šã‚’é™¤åã•ã‚Œã¦ã‚‚ã€SDGsæ±äº¬ã€‘ã‚’ç«‹ã¡ä¸Šã’ã€‚
â†’SDGsã¯ã€Sustainable Development Goalsã€ŒæŒç¶šå¯èƒ½ãªé–‹ç™ºç›®æ¨™ã€ã§ã™ã‹ã‚‰ã€é¸æŒ™ä¸­ã®ç„¡å…è¨±ã§ã®äººèº«äº‹æ•…ã§éå…¬è¡¨ã§å½“é¸ã—ã¦ã‚‚ã€è­°å“¡è³‡æ ¼ã¯æŒç¶šå¯èƒ½ï¼

ã¾ã‚‹ã§ã€å†—è«‡ã¿ãŸã„ã ã‘ã©
SDGsãŒã€ã¾ã™ã¾ã™æ€ªã—ãè¦‹ãˆã¦ã—ã¾ã†ã­ã€‚ https://t.co/bMcWfzfOWs"
positive,"Goal 17 Partnerships For The Goals: Strengthen the means of implementation and revitalize the Global Partnership for Sustainable Development 
https://t.co/ALQcWs1NL6

â€œStrengthening multilateralism and global partnerships is more important than ever.â€ https://t.co/kLHfTTIotW"
positive,"â€œRecovery from the crisis and sustainable development must be built on a foundation of peace, stability, respect for human rights, effective governance and the rule of law.â€"
positive,"Goal 16 Peace, Justice And Strong Institutions: Promote peaceful and inclusive societies
for sustainable development, provide access to justice for all and build effective, accountable and inclusive institutions at all levels 
https://t.co/S4g8xBkf7t https://t.co/c4SOuLFHVh"
neutral,"Goal 14 Life Below Water: Conserve and sustainably use the oceans, seas and marine resources for sustainable development 
https://t.co/zHfhfyjXm0 https://t.co/jhK6jHx7UT"
neutral,"NSDAPã«éš ã•ã‚Œã‚‹""Sustainable Development""ã®éƒ¨åˆ†"
neutral,"Sustainable Development Goalsã€ã¤ã¾ã‚ŠæŒç¶šå¯èƒ½ãªé–‹ç™ºç›®æ¨™ã®ã“ã¨ã ã­ 

#Peing #è³ªå•ç®± https://t.co/iAkxwpkHUn"
neutral,SDGsã¨è¨€ã‚ã‚Œã¦ã„ã‚‹æ´»å‹•ã€ãŸã ã®SGsã«ãªã£ã¦ã„ã‚‹ã‚‚ã®ãŒå¤šã„ã®ã‚ˆã­ã€‚Sustainable Development Goalsã¤ã¾ã‚Šã€ŒæŒç¶šå¯èƒ½ã€ã¨ã„ã†å½¢å®¹è©ã¯ã€Œé–‹ç™ºã€ã«ä¿‚ã£ã¦ã‚‹ã¯ãšãªã‚“ã§ã™ã‚ˆã€‚ãªã®ã«ä»Šã‚ˆãè¦‹ã‹ã‘ã‚‹SDGsã¯ã€ŒæŒç¶šå¯èƒ½ã€ãªã€Œç¤¾ä¼šã€ç¨‹åº¦ã®æ´»å‹•ã—ã‹ã—ã¦ã„ãªã„ã€‚ãã‚Œã‚‚ï¼‘ï¼ï¼å¹´å…ˆãã‚‰ã„ã—ã‹è¦‹ã¦ã„ãªã„è¦–ç‚¹ã®ä½ã•ã€‚
neutral,"The Sustainable Development Goals Report 2021 
https://t.co/IrG7ewfyuz  @UNStats"
neutral,@hachi622 Sustainable Development GIINww
neutral,@gerogeroR SDGsæ±äº¬ã®SDGsãŒSustainable Development Goalsã ã¨æ€ã†ã‹ã‚‰é•å’Œæ„ŸãŒã‚ã‚‹ã®ã§ã€ã“ã“ã¯ã¿ã‚“ãªã§ã‚ã„ã†ãˆãŠä½œæ–‡ã‚’ã—ã¦å·®ã—ä¸Šã’ã‚Œã°ã‚ˆã„ã‹ã¨æ€ã„ã¾ã™
neutral,SDLsï¼ˆSustainable Development Licensesï¼æŒç¶šå¯èƒ½ãªé‹è»¢å…è¨±ï¼‰
neutral,"SDGsã¨ã¯ã€ŒSustainable Development Goalsï¼ˆæŒç¶šå¯èƒ½ãªé–‹ç™ºç›®æ¨™ï¼‰ã€ã®ç•¥ç§°ã§ã™ã€‚
äº‹æ•…ã‚’èµ·ã“ã—ãŸè­°å“¡ã«ä¼¼åˆã‚ãªã„è¨€è‘‰ã§ã™ã€‚ https://t.co/d6dQux2MNb"
negative,"ã‚“ãŒãŒãŒğŸ˜¢

""Suffering and violence throughout the country are devastating prospects for sustainable development, and raise the possibility of state failure or a broader civil war,"" she said. https://t.co/gxtL2kxJOC"
positive,"https://t.co/A51pOwr9LE
U.S.-China Collaboration is Vital to Global Plans for a Healthy Environment and Sustainable Development"
positive,"HOPe/Hiroshima Prefecture will hold a session on the ""Special Event of the UN 2021 High-Level Political Forum on Sustainable Development"".
Please register nowâ†“ã€€Theme: Nuclear Disarmament and Our Sustainable Future

#SDGs #HLPF 

https://t.co/oobbQd5Qk6 https://t.co/BahdnQr71E"
positive,"5th Research Forum for Sustainable Living and Conviviality. Climate change and related issues will be discussed. Everyone welcome.
#ClimateChange #Anthropocene #SustainableDevelopment #degrowth #education #inclusion #æ°—å€™å¤‰å‹• #äººæ–°ä¸– #SDGs ï¼ƒè„±æˆé•· #æ•™è‚²å­¦ #æ—©ç¨²ç”°å¤§å­¦ #waseda https://t.co/m9BLJNtAVo"
neutral,"SDGsã¨ã¯è¨€ã†ã¾ã§ã‚‚ãªãã€Sustainable Development Goalsã®ç•¥ã§ã€

ã€ŒæŒç¶šå¯èƒ½ãªé–‹ç™ºç›®æ¨™ã€

ã§ã™ã€‚

è©³ã—ãã¯ã€å¤–å‹™çœã®ã‚µã‚¤ãƒˆã«ã‚‚ã‚ã‚Šã¾ã™ã€‚ã”å­˜çŸ¥ã‹ã¨æ€ã„ã¾ã™ãŒã€å‚è€ƒã¾ã§ã«ãƒªãƒ³ã‚¯ã‚’è²¼ã£ã¦ãŠãã¾ã™ã€‚
https://t.co/it3XliKiG8"
neutral,"ğŸ¤“ Attending the @UN #HLPF this year? ğŸ™‹ğŸ™‹ If so, join our discussions on #carbonneutrality &amp; #socialtransformation w/ @UNUEHS &amp; @UNUINRA, #education for #sustainabledevelopment, and #biodiversity â¡ï¸ https://t.co/rynbXLMykX

#BuildBackBetter #GlobalGoals #SDGs #ActNow #COVID19 https://t.co/vA0SuepL8k"
neutral,"SDGsã¨ã¯ã€ŒSustainable Development Goalsï¼ˆæŒç¶šå¯èƒ½ãªé–‹ç™ºç›®æ¨™ï¼‰
SDGsã®é€£å‘¼ã¯åˆ†ã‹ã£ãŸã‚ˆã€ã¾ãšå³ã‚¢ã‚¯ã‚·ãƒ§ãƒ³ã—ã¦ãã‚Œã€‚PPTã¨ã‹ä½œã£ã¦ã‚‹ãƒ’ãƒã‚ã‚‹ãªã‚‰ã€å­ã©ã‚‚é£Ÿå ‚ã¨ã‹ã€å­¦ç«¥ã¯ãƒœãƒ©ãƒ³ãƒ†ã‚£ã‚¢ã§æˆã‚Šç«‹ã£ã¦ã‚‹ãã€‚ https://t.co/WVDCBKuNh1"
neutral,"ä»Šæ—¥ã¯æ±äº¬éƒ½è­°ä¼šè­°å“¡é¸æŒ™ã®æœŸæ—¥å‰æŠ•ç¥¨ã«è¡Œã£ã¦ãã¾ã—ãŸã€‚
éƒ½æ°‘ã¨ã—ã¦ã®æ¨©åˆ©ã‚’è¡Œä½¿ã—ã¦ãã¾ã—ãŸã‚ˆğŸ˜‰

ã—ã‹ã—æŠ•ç¥¨ç”¨ç´™ã®å…¥ã£ãŸå°ç­’ã‚’è¦‹ã‚‹ã¨SUSTAINABLE DEVELOPMENT GOALSã®æ–‡å­—ãŒâ€¦ğŸ˜³

SDGsï¼ï¼
ã“ã‚“ãªã¨ã“ã‚ã§ã¾ã§SDGsã‚¢ãƒ”ãƒ¼ãƒ«ã‹ï½—ï½—ï½—ğŸ˜‚
#æ±äº¬éƒ½è­°ä¼šè­°å“¡é¸æŒ™ 
#SDGs https://t.co/NN8IoPcXgv"
neutral,"Staring Now! Integrating Sustainable Development Goals in Curriculum with @sodhisumedha ! #gegapac 
https://t.co/M0Urwowztb"
neutral,"@NATINATIsyou ç•¥ã—ãŸã‚‰ã‚ã‹ã‚“ã§ï¼
Sustainable
Development
Goals
ã‚„ã§ï¼Ÿ"
neutral,"SDGsï¼ˆSustainable Development Goalsï¼‰ã“ã®ç•¥èªã‚’èã„ãŸæ™‚ãªã‚“ã ï¼Ÿã¨æ€ã£ãŸã€‚
æŒç¶šå¯èƒ½ãªé–‹ç™ºç›®æ¨™â€¦ä½•ã®ã“ã£ã¡ã‚ƒã¨æ€ã£ãŸã€‚
ãã‚Œã‹ã‚‰20å¹´çµŒã¤ã ã‚ã†ãŒã€ã‚³ãƒ­ãƒŠç¦ã€SDGsã«é–¢ã™ã‚‹ã‚»ãƒŸãƒŠãƒ¼å‘ŠçŸ¥ã‚’ã‚ˆãç›®ã«ã—ã€ç†è§£ã§ããŸã€‚
åœ°åŸŸé›†è½ãŒåŠ©ã‘åˆã†å¿ƒã‚„åŠ´åŠ›ã‚’å½“ç„¶ã¨ã—ãŸç¸„æ–‡ä¸€ä¸‡å¹´ã®å¹³å’Œã¨è±Šã‹ã•ã«åŒã˜ã€‚ https://t.co/kqk1dIduEW"
neutral,"#Nã‚‰ã˜
ãŠã°ã‚ã¡ã‚ƒã‚“ã®æ–™ç†ã¯
SDGsã€ŒSustainable Development Goalsï¼ˆæŒç¶šå¯èƒ½ãªé–‹ç™ºç›®æ¨™ï¼‰ã€
é‡èœã®çš®ã‚‚è‘‰ã£ã±ã‚‚é­šã®éª¨ã‚‚æ£„ã¦ã‚‹æ‰€ã¯å°‘ãªã‹ã£ãŸã‚ˆã€‚"
neutral,"ESD(Education for Sustainable Development)ã¯
ã€ŒæŒç¶šå¯èƒ½ãªé–‹ç™ºã®ãŸã‚ã®æ•™è‚²ã€ã¨è¨³ã•ã‚Œã€ä¸–ç•Œã«ã¯æ°—å€™å¤‰å‹•ã€ç”Ÿç‰©å¤šæ§˜æ€§ã®å–ªå¤±ã€è³‡æºã®æ¯æ¸‡ã€è²§å›°ã®æ‹¡å¤§ç­‰äººé¡ã®é–‹ç™ºæ´»å‹•ã«èµ·å› ã™ã‚‹æ§˜ã€…ãªå•é¡ŒãŒã‚ã‚Šã¾ã™ã€‚ https://t.co/XMlcwGOhpj"
neutral,SDGs(Sustainable Development Goals)(ä¸€éƒ¨ã®æ¥­ç•ŒãŒæŒç¶šä¸å¯èƒ½ã«ãªã‚‹)
