positive,"National Solar Mission wants to achieve 100 GW which means 2 more Mumbais full of panels that could‚Äôve otherwise been used for nature.  Instead 10xing our amazing nuclear capabilities with a fraction of land would enable cheap, plentiful, reliable and green energy."
positive,"Hey this is a price that needs to be paid for ‚Äòclean and green‚Äô energy.  But wait.. 

https://t.co/YjGcjPhmo3"
positive,"@elonmusk @WholeMarsBlog How much do you plan to turn into green energy by this year ?
5 GW 10 100  more ?"
positive,"More companies are joining and establishing their network with @SOGEA15, an umbrella for #Somali green energy companies.
#GreenEnergy
#ClimateAdaptation 
@MoEWRSo https://t.co/JlSqNQUeq0"
negative,#Badbaadi #Deegaanka Somali Green Energy Association @SOGEA15 waxay dhiira galineysaa  kana qeyb gashay xaflad lagu daahfuray badbaadinta bay‚Äôadda iyo wacyigalinta bulshada oo ay soo qaban qaabisay @EcohubSomalia. @SOGEA15 @UNEP @MoEWRSo @DECC_Somalia @AhmedNur_Yussuf @nis_africa https://t.co/ENlkC5V2zR
negative,@CNN Spending trillions of dollars for climate change in the form of green energy had long expired Mr.President. You Western Japan &amp; China had over crossed the limits of earth's capacity and time barred. Tell your citizens to live simple is only option left.
positive,Chairman of ‚Å¶@SOGEA15‚Å© and ‚Å¶‚Å¶@AmbAmerico‚Å© attended Eco-friendly initiative led by ‚Å¶‚Å¶‚Å¶@EcohubSomalia‚Å© where innovative companies presented their services and products. https://t.co/lYM6dTHztf
positive,"wpp energy is wonderful project with great team. I advise everyone to be part of this company, you will never regret for being a part of this project. #wpp #greenenergy #wppenergy"
positive,wpp-energy is a great project. I see the project has a great potential. The team is really engaged in the project with great efforts in its development. #wpp #greenenergy #wppenergy
neutral,#wpp #greenenergy #wppenergy https://t.co/8N7RYBii4u
neutral,#wpp #greenenergy #wppenergy https://t.co/tmo0YxvpGE
positive,"wpp energy is a very potential project with specific goals with it's unique idea, an experienced team of the project will certainly achieve its goals. #wpp #greenenergy #wppenergy"
positive,India's two richest men are vying to be at the forefront of Prime Minister Narendra Modi's ambition to ramp up green energy capacity in the world's second-most populous country more than four-fold to 450 gigawatts (GW) by 2030.
positive,"#wpp #greenenergy #wppenergy
is an outstanding project. This project is one of the best projects that I have done. This project is peak and running smoothly for long time"
neutral,"Mahindra &amp; Mahindra has signed a #power purchase agreement with ReNew Sunlight Energy, a subsidiary of ReNew Green Energy Solutions to procure #solar power from its #openaccess project as a captive consumer.

https://t.co/c0WDlcEKFJ

@MahindraRise @ReNew_Power"
negative,"Isgec Hitachi Zosen Limited's footprint in global green energy initiative - bags order for critical Reactors for USA

@Isgec_engg #OrderWin #CriticalReactors #USA 

https://t.co/PzWj8E9vun https://t.co/Dvk9Lx2hK1"
negative,"Vector Green Energy has issued non-convertible #debentures to raise ‚Çπ12.37 billion. @CRISILLimited and @IndiaRatings have given AAA ratings to the #greenbond issuance. Vector Green is the Indian #greenenergy platform of Global Infrastructure Partners.

https://t.co/80wHDqHeJn"
neutral,#wpp #greenenergy #wppenergy https://t.co/w49XFjC0R2
positive,"A good project and strong team, in a predictable and transparent road map, planned and projected. I think in the near future I will see an authentic growth of this project. best of luck all #wpp #greenenergy #wppenergy"
positive,Led Solar wall light outdoor waterproof solar power lamp garden Green Energy https://t.co/X4CoSmRj9m via @pinterest
neutral,#wpp #greenenergy #wppenergy https://t.co/rrJsj2l6NY
positive,"#wpp #greenenergy #wppenergy
very smart project that brings us excitement to always follow. We believe this project will work and succeed because this project is with a great team that always provides creative ideas"
neutral,#wpp #greenenergy #wppenergy https://t.co/NFbZpd5R2B
negative,@psilopogon This is the strongest report I've read about impacts of mining for green energy minerals https://t.co/hPNvszpz0z
negative,@TrollHaiklu Green energy üòÇ
neutral,#wpp #greenenergy #wppenergy @wppenergycoin https://t.co/l3SWiSX7ox
positive,"#wpp #greenenergy #wppenergy
This project and The team has built a strong community with great potential. The best specialists work and create confidence in this project for people"
neutral,#wpp #greenenergy #wppenergy https://t.co/TVLKa7zlLh
neutral,#wpp #greenenergy #wppenergy @wppenergycoin https://t.co/AsY7WcltY6
negative,"Spain becomes the 23rd country to join the Powering Past Coal Alliance and foresees dwindling of coal capacity to zero by 2030

#greenenergy #SDG7 #saynotocoal

https://t.co/UNtlAjtvaz"
positive,"Anant Ambani, the younger son of #RelianceIndustries chairman #MukeshAmbani, has been appointed as a director of Reliance New Energy Solar and Reliance New Solar Energy, expanding his role in the family business (Reports) 

#AnantAmbani #GreenEnergy #RIL https://t.co/ey7V8GvIZe"
neutral,#wpp #greenenergy #wppenergy https://t.co/pkKVskiS8o
negative,"Bitcoin mining consumed 56% green energy in June quarter: Report
https://t.co/cClm2NngDh"
neutral,#wpp #greenenergy #wppenergy https://t.co/TCOI5sqBtj
neutral,"‡≤ï‡≤∞‡≥ç‡≤®‡≤æ‡≤ü‡≤ï‡≤¶‡≤≤‡≥ç‡≤≤‡≤ø ‡≤∏‡≥ç‡≤•‡≤æ‡≤™‡≤ø‡≤∏‡≤≤‡≤æ‡≤ó‡≤ø‡≤∞‡≥Å‡≤µ #greenenergy ‡≤ò‡≤ü‡≤ï‡≤ó‡≤≥‡≤≤‡≥ç‡≤≤‡≤ø ‡≤∂‡≥á.50% ‡≤∞‡≤∑‡≥ç‡≤ü‡≥Å ‡≤™‡≤æ‡≤≤‡≥Å ‡≤∏‡≥å‡≤∞‡≤∂‡≤ï‡≥ç‡≤§‡≤ø ‡≤π‡≥ä‡≤Ç‡≤¶‡≤ø‡≤¶‡≥Ü. ‡≤∞‡≤æ‡≤ú‡≥ç‡≤Ø‡≤¶ ‡≤∂‡≥Å‡≤¶‡≥ç‡≤ß ‡≤á‡≤Ç‡≤ß‡≤® ‡≤µ‡≤≤‡≤Ø‡≤¶ ‡≤¨‡≤ó‡≥ç‡≤ó‡≥Ü ‡≤π‡≥Ü‡≤ö‡≥ç‡≤ö‡≥Å ‡≤§‡≤ø‡≤≥‡≤ø‡≤Ø‡≤ø‡≤∞‡≤ø.

#InvestinKarnataka @JagadishShettar @ACSIC_GOK @CommIndustries @investindia @KarnatakaVarthe 

https://t.co/v1njoCzm1D"
positive,"#SolarEnergy accounts for more than 50% of #Karnataka's installed capacity of #greenenergy. Learn more about the state's #CleanEnergy sector. 
#InvestinKarnataka @JagadishShettar @ACSIC_GOK @CommIndustries @investindia @KarnatakaVarthe 
https://t.co/v1njoChKD3"
neutral,#wpp #greenenergy #wppenergy @wppenergycoin https://t.co/7jD9CVtj5W
negative,"@paraschopra Transport, Internet, Energy hopefully! With all the advancements in electric cars, satellite internet and green energy!"
positive,"This is a great defi project .This project has a Strong team. The team of professionals has done everything possible to implement it. The project is interesting in terms of innovation.
#wpp #greenenergy #wppenergy"
positive,"@jaggi411 @bhash @OlaElectric With electric vehicles, the electricity comes from a few power plants. Easier to reduce pollution in a smaller number of sources or add more green energy to the grid!"
positive,It is a fantastic project with profitable concepts that will quickly become popular. and the team is fantastic. Excellent working style. Proceed with extreme caution. #wpp #greenenergy #wppenergy
positive,"WPP ENERGY‚Äôs mission has remained consistent throughout the years and that mission is to use Innovative and Disruptive Technologies to Produce and Provide the World‚Äôs Most Affordable and Efficient Green Energy. 
#wpp #greenenergy #wppenergy @wppenergycoin https://t.co/cTcGdJNc7d"
positive,"@Greentekio Good project and congratulations to the whole team for their efforts and dedication and commitment. 
Thanks for giving this opportunity.
Let's go and create history in the future.
#GreenEnergy #Greenpeace"
positive,"Good project and congratulations to the whole team for their efforts and dedication and commitment. 
Thanks for giving this opportunity.
Let's go and create history in the future.
#GreenEnergy #Greenpeace
@evawiidyaa @AirdropBonus2 @OTC_Bitcoin3 @SHansaka1 @harshap2002 https://t.co/azJi8fO7Wu"
positive,Another reason why countries should start investing alot more in Green Energy üò± https://t.co/yAjyrCrnGd
positive,"#ElectricVehicle adoption would help in controlling #GlobalWarming. It is high to go for #Sustainable &amp; #GreenEnergy solutions.

What is the Arctic‚Äôs ‚ÄòLast Ice Area‚Äô that is now showing signs of melting earlier than scientists expected? 

https://t.co/tyzWcc9rOH

#LastIceArea"
positive,"WPP is a native token of WPP Energy platform that has multiple use cases on and off the platform. It could be a very good consideration for investment purposes. with great confidence, join with this.

#wpp #greenenergy #wppenergy"
negative,"WPP‚Äôs W2H2‚Ñ¢ Power Plant Conversion Technology focuses on retrofitting existing polluting fossil fuel power plants operating on Coal, Oil, Natural Gas, and Gasoline into Green Energy Hydrogen-Fired Power Plants. Join now 
#wpp #greenenergy #wppenergy @wppenergycoin https://t.co/iccKoKz8IL"
negative,The audacity to talk about Green Energy bill. https://t.co/4JP7G5DtIy
positive,"#wpp #greenenergy #wppenergy 
It is a great project with profitable concepts that will become a popular project. and the team are excellent. Good working style. Proceed with caution."
negative,"#Green #energy !
üå±üö≤üåéüí°
https://t.co/a6s8QYv1K2"
neutral,#wpp #greenenergy #wppenergy @wppenergycoin https://t.co/EnMVdX2CsE
neutral,#wpp #greenenergy #wppenergy https://t.co/vC05XoKEgE
negative,@sidd1307 So adani Green energy. üòõ
negative,"Also in 2017 WPP ENERGY established 35-year contracts in Africa for waste to energy projects at the Federal
Government level. This encompasses over 10,000 metric tons per day of Municipal Solid Waste (MSW) https://t.co/BekOrXBpzX #wpp #greenenergy #wppenergy 
@wppenergycoin"
neutral,#wpp #greenenergy #wppenergy https://t.co/j758a87I4Z
positive,"By moving WPP Token from 1Nm3 to 1KG this will potentially increase WPP Token price forecast, and prepares WPP a strong role in the upcoming expanded version of HyFi with Futures Contracts Trading. Join and invest now 
#wpp #greenenergy #wppenergy @wppenergycoin https://t.co/9Ctl4utKWI"
neutral,#wpp #greenenergy #wppenergy @wppenergycoin https://t.co/4ZDRxi18T0
positive,@manikanna77 @ptrmadurai @V_Senthilbalaji @mkstalin Yes sustainable energy with suitable financial aid is the way to go. Let TN be a leader of green energy
negative,"Adani Green Energy (Closing price on June 30: Rs 358.70) | During July-December 2018 (2H2018) period, the stock gained 54 percent; during 2H2019, it jumped 275 percent; and during 2H2020, it surged 193 percent."
positive,This is undoubtedly the most excellent project on the market. Being part of this campaign that displays the assurance of success is an opportunity that brings favor to all who give time to participate. One of the best #wpp #greenenergy #wppenergy
negative,@Aadhan0 Green energy promotion sir üòù
negative,"@elonmusk FYI...
Use Of Green Energy For Bitcoin Mining Increased 52.2% in 2021, Report
https://t.co/7P8w8b3H9m"
negative,"@AdeParimal Adani Green Energy, TATA power(EV Segment), Rcom(Retailers Performance)üòâ,  Sugar Stocks(Ethonol Blending)."
negative,@swatson2022 Green energy. ‡Æé‡Æ©‡Øç‡Æ©‡Æ©‡ØÅ ‡Æ§‡ØÜ‡Æ∞‡Æø‡Æ≤‡ÆØ‡Øá ‡Æè‡Æ§‡Øã ‡Æ™‡ØÅ‡Æ§‡ØÅ ‡Æµ‡Æø‡Æ§ ‡Æü‡ØÜ‡Æï‡Øç‡Æ©‡Æø‡Æï‡Øç ‡Æ™‡Øã‡Æ≤.üòÇüòÇ
neutral,#wpp #greenenergy #wppenergy https://t.co/XnljHP8sGR
positive,"@cygni_solar ties up with @AtteroIndia for responsible recycle of EV batteries. We at @iitmrp congratulate them &amp; excited to see the growing trend of environmentally conscious technology blooming from the research park. 
https://t.co/SVRxj0NudW
#renewables #greenenergy"
negative,"@CCI_India approves acquisition of SB Energy Holding Limited by Adani Green Energy Limited

https://t.co/7ZHMQVLKba"
neutral,@MaridhasAnswers Last 2 hrs No power at velachery chennai . Yesterday night also..@V_Senthilbalaji #greenenergy @Udhaystalin    #‡Æ™‡Øä‡Æ±‡ØÅ‡ÆÆ‡Øà‡Æá‡Æ≤‡Øç‡Æ≤‡Ææ‡Æ§‡ÆÆ‡Æï‡Øç‡Æï‡Æ≥‡Øç @Subramanian_ma @vikatan @dinamalarweb @thatsTamil @mkstalin @polimernews @TamilTheHindu @ikamalhaasan @News18TamilNadu @DinamaniDaily @annamalai_k
positive,"300kWp comprehensive Hybrid Solar System is a breakthrough, clean and reliable energy source. I welcome and applaud the friendship of the @EU_in_Somalia and development initiatives of @nis_africa.

#SOGEA15 
#GreenEnergy 
@DECC_Somalia https://t.co/pPfHkhbQhP"
neutral,"‡≤§‡≤æ‡≤≤‡≥Ç‡≤ï‡≥Å ‡≤¨‡≤ø‡≤ú‡≥Ü‡≤™‡≤ø ‡≤µ‡≤§‡≤ø‡≤Ø‡≤ø‡≤Ç‡≤¶ ‡≤ó‡≤ø‡≤° ‡≤®‡≥Ü‡≤°‡≥Å‡≤µ ‡≤Ö‡≤≠‡≤ø‡≤Ø‡≤æ‡≤®..
‡≤ï‡≥É‡≤∑‡≥ç‡≤£‡≤∞‡≤æ‡≤ú‡≤™‡≥á‡≤ü‡≥Ü ‡≤§‡≤æ‡≤≤‡≥Ç‡≤ï‡≥Å ‡≤¨‡≤ø‡≤ú‡≥Ü‡≤™‡≤ø ‡≤µ‡≤§‡≤ø‡≤Ø‡≤ø‡≤Ç‡≤¶ ‡≤™‡≥ç‡≤∞‡≤§‡≤ø ‡≤¨‡≥Ç‡≤§‡≥ç ‡≤®‡≤≤‡≥ç‡≤≤‡≥Ç ‡≤ï‡≤®‡≤ø‡≤∑‡≥ç‡≤† 10 ‡≤ó‡≤ø‡≤°‡≤ó‡≤≥‡≤®‡≥ç‡≤®‡≥Å ‡≤®‡≥Ü‡≤°‡≥Å‡≤µ ‡≤Æ‡≥Ç‡≤≤‡≤ï ‡≤™‡≤∞‡≤ø‡≤∏‡≤∞ ‡≤∏‡≤Ç‡≤∞‡≤ï‡≥ç‡≤∑‡≤£‡≥Ü ‡≤π‡≤æ‡≤ó‡≥Ç ‡≤Ü‡≤∞‡≥ã‡≤ó‡≥ç‡≤Ø‡≤ï‡≤∞ ‡≤µ‡≤æ‡≤§‡≤æ‡≤µ‡≤∞‡≤£ ‡≤∏‡≥É‡≤∑‡≥ç‡≤ü‡≤ø‡≤∏‡≤≤‡≥Å ‡≤™‡≤£‡≤§‡≥ä‡≤ü‡≥ç‡≤ü‡≤ø‡≤¶‡≥ç‡≤¶‡≥Å ‡≤∂‡≥Ä‡≤ò‡≥ç‡≤∞‡≤¶‡≤≤‡≥ç‡≤≤‡≤ø ‡≤á‡≤¶‡≤®‡≥ç‡≤®‡≥Å ‡≤ï‡≤æ‡≤∞‡≥ç‡≤Ø‡≤∞‡≥Ç‡≤™‡≤ï‡≥ç‡≤ï‡≥Ü ‡≤§‡≤∞‡≤≤‡≤æ‡≤ó‡≥Å‡≤µ‡≥Å‡≤¶‡≥Å ‡≤é‡≤Ç‡≤¶‡≥Å ‡≤§‡≤æ‡≤≤‡≥Ç‡≤ï‡≥Å #‡≤¨‡≤ø‡≤ú‡≥Ü‡≤™‡≤ø ‡≤Æ‡≥Å‡≤ñ‡≤Ç‡≤°‡≤∞‡≥Å ‡≤§‡≤ø‡≤≥‡≤ø‡≤∏‡≤ø‡≤¶‡≤∞‡≥Å.
#greenenergy https://t.co/OFPX5TUPjx"
negative,"The new era in space, green energy and planetary colonial...#HappyBirthdayElonMusk https://t.co/xLqcyCy0Mg"
negative,"Any idea @elonmusk  of announcing bitcoin/DogeCoin miner powered by Green Energy??

#Bitcoin #ElonMusk #cryptocurrency #Dogecoin #elonbirthday"
positive,#GreenEnergy should be one of our main priorities ! Thank you @IndiainSL ! https://t.co/IaRN0XxsJK
neutral,": The price of this promising green energy stock has fallen and now is the time to buy, says UBS https://t.co/w7esItWD99 #Nifty #Sipgrab #UnitingPeopleWithThePossibilities"
neutral,": The price of this promising green energy stock has fallen and now is the time to buy, says UBS https://t.co/t2f88M8Frt #Nifty #Sipgrab #UnitingPeopleWithThePossibilities"
negative,Oil hits pandemic high as investors bet on green energy https://t.co/Wn2qLgCfwb #Nifty #Sipgrab #UnitingPeopleWithThePossibilities
negative,"During the previous Era, the govt convinced Wanjiku to use green energy and that it's cheaper than any other form of energy since it wasn't taxed. Now because we have largely adopted gas usage, they have introduced 16% tax #BudgetKe2021 gangsters!"
neutral,"@EkBoondhPani Ans:- B.)Carbon Dioxide

#ContestAlert #ISaveEnergy #SDG13 #energyefficient #renewableenergy #climateaction  #saveenergy #Grundfos @iSaveEnergy @EkBoondhPani
Join:
 
@SMohan07327887
@Priyankc007
@pank_10
@cool_bindra
@SS_Tanwar
@RajeshHegdeBlr
@SonaliSBera
@Indian_Contests"
neutral,"Global wind and #solarpower capacity grew at record rate in 2020

BP‚Äôs annual report reveals #renewableenergy boom in pandemic coincided with slump in demand for oil
https://t.co/jJElbEGmrE"
neutral,"@SwedeninSomalia As Chairman of @SOGEA15, I commend @SwedeninSomalia for its support to Somalia in the areas of climate, environmental and renewable energy sector."
neutral,"@EkBoondhPani B. Carbon Dioxide 
#ISaveEnergy
#SDG13 #energyefficiency #renewableenergy #climateaction #saveenergy #Grundfos
join @iamNedu91 @manikumar4144 @Madhumathy15"
negative,"Isgec Heavy Engineering JV firm bags order for renewable energy project in
US
https://t.co/B6on2nMuvJ
Isgec Heavy Engineering said this is the first order for Isgec... https://t.co/NF3AtFBG1Q"
negative,"No more #Coal or #Oil power plants in #SriLanka, President @GotabayaR declares his policy decision in line with 70% Renewable Energy target."
neutral,Renewable energy capacity addition likely to be 11 GW in FY2022: ICRA https://t.co/TlJ8L1b5SQ https://t.co/FmNyCaRUL2
neutral,"#GreatIndianBustard and the #renewableenergy sector ‚Äì How to save both

https://t.co/GMo5W6VNxV

@wiiofficial1 @ncfindia @mnreindia #extinctspecies"
neutral,"The @TheOfficialSBI declared results for the financial year (FY) 2020-2021, which claimed that the bank had approved over ‚Çπ319.18 billion (~$4.26 billion) in #renewableenergy project finance in #India as of March 2021.

https://t.co/xnjrTqxWyr"
positive,"@IndiaER Nuclear is the way forward 
To a certain extent solar also,
no other renewable energy is reliable lol!!!!"
positive,"Join us for a live session with Mr. Arvind Tekur, Director Market &amp; Product Management, @hartingindia for insights on benefits: Sustainability engineering - driven by renewable energy at the Webinar hosted by @vdmaindia @VDMAonline #sustainability #engineering #renewableenergy https://t.co/2vJf60Bzzy"
neutral,"Lights out, its time to set out renewable energy source. What if sunlight? Wind power? Sea waves? Sunlight."
positive,WIND POWER: Street light powered  by wind energy üçÉ‚ö°@DeskuGroup @AalectoMotors #Kochi #Kerala #renewableenergy #windpower #environment #WorldEnvironmentDay #climatechange #India https://t.co/AKca76eTfs
neutral,#Bitcoin Uses 56% of Renewable Energy https://t.co/urgs522iZo #bitcoinmining
positive,"@bhagwantkhuba @fertmin_india @mnreindia @mansukhmandviya √áongratulations üíê
Lets try to reduce the use of chemical fertilizers n boost organic manure. Its high time for renewable energy (solar) projects. Automotive sector drastically moving to EVs but still we don't have cheaper power n fast charging stations. High hopes from ur office"
positive,"#congratulations to @bhagwantkhuba for taking charge as Minister of State for¬† New and Renewable Energy @mnreindia @fertmin_india All the best sir, continue to work with a resolved spirit for the prosperity of the country and welfare of bidar people. @bjp4bidar @BJP4Karnataka https://t.co/Eeqlc8sV3c"
neutral,"@iSaveEnergyIND 3rd Statement is a lie 

#ContestAlert #ISaveEnergy #VanMahotsavWeek #SDG13 #energyefficiency #renewableenergy #climateaction #environment #saveenergy #Grundfos @iSaveEnergyIND"
neutral,Powering Tomorrow: The Creation and Future of the Hydrogen Engine - @intengineering #renewableenergy #hydrogenfuel #electrification https://t.co/QNXslLFYbG
negative,"Isgec Heavy Engineering JV firm bags order for renewable energy project in
US
Economic Times
on Wednesday said its joint venture (JV) firm has bagged an order... https://t.co/Kdfd80VpP8"
positive,"Shri Bhagwanth Khuba takes charge as Minister of State for¬† New and Renewable Energy

 https://t.co/rcGARkwQSt https://t.co/y3YBPGcQlv"
negative,"R.K. Singh takes charge as Minister of Power and Renewable Energy: Singh has already been steering the ministries in independent charge as a minister of state. In the latest cabinet reshuffle, he has been promoted to the rank of cabinet‚Ä¶ https://t.co/62630ttCh6 #RK #Singh https://t.co/TTUC4NYxtb"
neutral,ASEAN Renewable Energy Outlook - ASEAN Centre for Energy https://t.co/VzD7hvjCx9 https://t.co/RR6jhBqox0
positive,"@JalShaktiAbhyan 
(22/30) Kiren Rijiju - #LawMinister and Justice @DoJ_India @pib_law 
(23/30) #rajkumarsingh - #power @MinOfPower; New and #renewableenergy @mnreindia 
(24/30) Hardeep Singh Puri - #petroleum and #naturalgas @PetroleumMin; #housing and Urban Affairs @MoHUA_India"
positive,"Renewable energy projects, if done suitably, are green and sustainable. Large RE projects that take up vast tracts of common land, however, do not enable a just transition of energy. #renewableenergy #solarenergy #windenergy #JustTransition 

https://t.co/7whUeta0PZ"
negative,Connecting river &amp; creating canals to divert water to dry areas is necessary to protect flooding. Move to renewable energy to protect climate.@narendramodi @navikakumar @kiranshaw @rajeev_mp #connectingrivers @PMOIndia @BSYBJP @sudhirchaudhary @RajatSharmaLive
neutral,"Hyundai Motor, Kia pledge to 100% renewable energy by 2050 https://t.co/UbJcf0FRqg https://t.co/RdGTTWfdz8"
neutral,Science Matters: Renewable Energy and Storage https://t.co/8p4JVVo5Hd
positive,"A Narayanaswamy - MoS for Social Justice and Empowerment 

@bhagwantkhuba - MoS for New and Renewable Energy; Chemicals and Fertilisers

#ModiCabinetExpansion"
positive,"Congratulations to @bhagwantkhuba ji for being appointed as MoS, New &amp; Renewable Energy, and MoS of Chemicals &amp; Fertilisers! Very happy that Bidar, Karnataka has got a representation in Central Govt. #CabinetReshuffle #CabinetDecisions #ModiCabinetReshuffle #CabinetReshuffle2021 https://t.co/4N48HfoK24"
positive,"Shri @bhagwantkhuba MoS in the Ministry of New and Renewable Energy; and MoS in the Ministry of Chemicals and Fertilisers 

Shri @ANarayana_swamy Minister of State in the Ministry of Social Justice and Empowerment

@harshaguttedar7 https://t.co/mYs79NWfiV"
neutral,Congratulations @bhagwantkhuba Sir Ministry of state renewable energy and @mnreindia &amp; @PibMinistry chemical &amp; fertilizer https://t.co/jky2IJfnDh
positive,"Shri Raj Kumar Singh:

Minister of Power; and Minister of New and Renewable Energy"
positive,"@AshwiniMS_TNIE @ShobhaBJP @bhagwantkhuba gets two MoS.
1. New and renewable energy.
2. Chemical and fertilizer"
positive,"Ministers from Karnataka.
1.Sobha akka - MoS in Agriculture
2.Bhagwant Khooba - MoS in New and renewable energy 
MoS in Chemical and Fertilizer
3.Narayanswamy - MoS in Social Justice.
4.Rajiv - MoS in Electronics 
And MoS in Skill Development."
negative,"@blsanthosh Congratulations for allocating useless portfolio to Karnataka. 
What sort of social justice is this?
1) Parliamentary Affairs
2) Agriculture
3) Skill development
4) Social Justice
5) Renewable Energy, Chemical &amp; fertiliser. @BJP4India @BJP4Karnataka
1/2"
positive,"Ministers representing Karnataka now have:

Finance
Corporate Affairs
Parliamentary Affairs
Coal
Mines
Renewable Energy
Agriculture
Farmers welfare
Social Justice
Chemicals and Fertilizer
Skill Development
IT

That's a very powerful portfolio.
Historic day for Karnataka!!!"
positive,"Karnataka MPs inducted into cabinet:

.@ShobhaBJP: MoS for Agriculture &amp; Farmers Welfare

.@rajeev_mp: MoS for IT &amp; Skill development

A Narayana Swamy: MoS for Social Justice

.@bhagwantkhuba: MoS Chemicals &amp; Fertilizers and Renewable Energy

#CabinetExpansion https://t.co/8wjTv0E6p6"
positive,"Zetwerk is hopeful of an even better growth in FY22 driven by increase in public and private spend across infrastructure, consumer durables, electronics, aerospace and renewable energy."
positive,They have mostly avoided operating in each other's space and the renewable energy push by Ambani's flagship #Reliance Industries and the #AdaniGroup of companies will be the highest profile faceoff between them.
neutral,Titans take battle positions for #solarpower: Mukesh #Ambani's $10bn entry into #renewable #energy could drive solar tariffs further to the ground and ignite bidding wars with fellow billionaire Gautam #Adani. https://t.co/PYhcpU22yV
positive,"'They have mostly avoided operating in each other's space and the renewable energy push by Ambani's flagship Reliance Industries and the Adani group of companies will be the highest profile faceoff between them..' 
https://t.co/AM1oigsgCP"
neutral,"Omaha Public Power District has chosen W√§rtsil√§‚Äôs 156 MW thermal balancing #powergeneration solution to ensure system stability as the utility is increasing the share of #renewableenergy in #Nebraska #USA. #decarbonisation 

Solution for # srilanka https://t.co/V7u8v3oeT3"
positive,"We're happy to complete project for the #interIntermedonlus which is an NGO from Italy. We've provided the solution related to  the Renewable Energy based portable hardware/device solution for it.
#renewableenergy #Hardware #productdesign #solution  #Italy #NGO #Africa"
neutral,Ethiopia to benefit from GCF‚Äôs $170.9m financing for renewable energy projects @fanatelevision https://t.co/tUFrbGFEUf
positive,"Busy days for Petl team! Not surprised, given the lower entry price point for solar these days, enquiries, conversions &amp; ROI for customer have been great!

 #solar #energy #sustainability #renewableenergy #surgeahead https://t.co/jMbCinSIpd"
neutral,"Japan giant signs deal for 30 Australian solar farms with battery and hydrogen storage
#renewableenergy #solar https://t.co/cVEaGXmagw"
neutral,"@Masdar, an #AbuDhabi based #renewableenergy company, won the bid to develop a 200 MW #solar project in #Armenia. The company had reportedly submitted the lowest bid of $0.029/kWh in a competitive bidding process.

https://t.co/zE1cLkHTTB"
neutral,"This recognizes the role NDB plays in development of the SME's, renewable energy &amp; women entrepreneurs. The funding comes at a critical time for the country, which is relying on the SME sector to revive the economy with the assistance of key financial sector player such as NDB""."
negative,"If you say you are environmental concerned design products that lasts long.

That will make bigger impact on climate change than using renewable energy in your HQ for PR"
neutral,@vinothk36847 @madan3 nee soldrathu correct tha naaye..... Aana petrol price increase panna ma vera renewable energy kondu veranum..... Aana ipo vera renewable energy vanthalum middle cla la iruka sela perala vanga  mudiyathu..... Renewable energy importance tha but... Current problem nu onnubiruku la
negative,"Marines shut off power, run base with renewable energy https://t.co/FYW0qcUCiO https://t.co/6uCDP4n5uO"
neutral,Envision: China's renewable energy giant https://t.co/MYcAkZSO0s https://t.co/G5fBsOOr8V
neutral,Electricity from Renewable Energy Sources is Now Cheaper than Ever #Renewableenergy #Climatechange https://t.co/tD8PNx109J
neutral,STOP Saying Wastelands!Bring Solar parks under the purview of Environment Impact Assessments @moefcc @mnreindia @SECI_Ltd @pvmagazineindia @cfa_ind @esgindia1 #renewableenergy  #solarpower  #deserts #pastoralism https://t.co/S3NmtkPmcY
neutral,"""#‡Æá‡Æ©‡Øç‡Æ±‡Øà‡ÆØ ‡Æï‡Æ¥‡Æø‡Æµ‡ØÅ -#‡Æ®‡Ææ‡Æ≥‡Øà‡ÆØ ‡Æé‡Æ∞‡Æø‡Æö‡Æï‡Øç‡Æ§‡Æø"" ‡Æé‡Æ©‡Øç‡Æ©‡ØÅ‡ÆÆ‡Øç ‡Æï‡Æ©‡Æµ‡Øà ‡Æ®‡Æ©‡Æµ‡Ææ‡Æï‡Øç‡Æï‡ØÅ‡ÆÆ‡Øç ‡Æµ‡Æø‡Æ§‡ÆÆ‡Ææ‡Æï ‡Æ™‡Øá‡Æü‡Øç‡Æü‡Æ∞‡Æø‡Æï‡Æ≥‡Æø‡Æ≤‡Øç #‡Æé‡Æ∞‡Æø‡Æö‡Æï‡Øç‡Æ§‡Æø‡ÆØ‡Øà ‡Æö‡Øá‡ÆÆ‡Æø‡Æ§‡Øç‡Æ§‡ØÅ ‡Æµ‡Øà‡Æ™‡Øç‡Æ™‡Æ§‡Æ±‡Øç‡Æï‡Ææ‡Æ© ‡ÆÖ‡Æü‡Æø‡Æ™‡Øç‡Æ™‡Æü‡Øà‡ÆØ‡Ææ‡Æï ‡Æ§‡Øä‡Æ¥‡Æø‡Æ±‡Øç‡Æö‡Ææ‡Æ≤‡Øà‡Æï‡Øç #‡Æï‡Æ¥‡Æø‡Æµ‡ØÅ‡Æï‡Æ≥‡Øç ‡Æé‡Æ§‡Æø‡Æ∞‡Øç‡Æï‡Ææ‡Æ≤‡Æ§‡Øç‡Æ§‡Æø‡Æ≤‡Øç ‡Æ§‡Æø‡Æï‡Æ¥‡Æ≤‡Ææ‡ÆÆ‡Øç.

VISIT:https://t.co/kHMlGSRcDi

#Tamilnadu #Tamilnews #AmNewsTamil #renewableenergy #Battery #powerbank https://t.co/6j0WCg3Y7X"
positive,@TRBRajaa @UpdatesChennai Harnessing tidel energy is also critical. When it comes to renewable energy diversification is important to become less dependent on coal.
neutral,Join üá¨üáß companies @RyseEnergy @UKEF and #OxtoEnergy who will be speaking during the #AtmanirbharBharat Renewable Energy Manufacturing Conference on the 15th and 16th of July. https://t.co/SYIF7ZVB2C
neutral,Changing ownership trends in India‚Äôs renewable energy¬†projects https://t.co/gXZJzgoz8F
neutral,NTPC Planning To Launch IPO Of Its Renewable Energy Subsidiary In Next Two Years: Report https://t.co/XXStubzGsG
positive,"@rajeshkcv The weight is an issue.
But clean energy will be very critical.
EU have switched over to 50% renewable energy. We must https://t.co/izRvhOwet7."
neutral,"National Renewable Energy Park and Indira Priyadarshini Children's Park in the heart of #Kochi city have been reduced to micro-forests with creepers covering the area and reptiles slithering through them, writes @anupamamili 
https://t.co/xKIW0tmOGf via @NewIndianXpress"
positive,"Advanced Mould Technology installed a 120 KW rooftop #solar powerplant at Dabaspet, Karnataka under the Capex financing model.

Read more here: https://t.co/Xq5h41hJBR 

#solarenergy #renewableenergy #GoGreen"
neutral,"News: NTPC Renewable Energy Ltd IPO to hit markets in 2022-23

#sattvacfo #CFO #CFOServices #India #business #finance
#gst #incometax #mca #roc #rbi #SEBI
#export #import
#Bengaluru #Kolkata #Mumbai #Pune #Delhi #Bhopal #Guwahati #NorthEast"
positive,"Air pollution can be effectively tackled by phasing out fossil fuels, using renewable energy sources, and fighting deforestation, such action will also contribute to achieving the SDGs #BeatAirPollution 
https://t.co/0JUpWlnjnV https://t.co/RP8uPEQUgZ"
neutral,Council switches to 100 per cent renewable energy - Council https://t.co/FVWmNkJBht https://t.co/TQxhqK73b2
positive,Two great Indian Entrepreneurs have aimed at 100 GW each from renewable energy sources ! India needs many such great entrepreneurs who think at scale  https://t.co/9mo2qtcYJS
neutral,"News: NTPC Renewable Energy Ltd IPO to hit markets in 2022-23
#sattvacfo #CFO #CFOServices #India #business #finance
#gst #incometax #mca #roc #rbi #SEBI
#export #import
#Bengaluru #Kolkata #Mumbai #Pune #Delhi #Bhopal #Guwahati #NorthEast"
neutral,"By transitioning to #renewableenergy powered #electricvehicles, #India can save billions on #energy imports, improve #airquality, while combating #climateCrisis impacting millions #monitoringpollution #pollution  #Environment #emissions #airpollution  https://t.co/sLIrV6ADz5 https://t.co/ZuP2UuPxLF"
positive,"@kunalkamra88 Sir, petroleum products are imported and puts lot of pressure on foreign exchange. Optimum use and adoption of renewable energy is the only way. If govts reduce tax they have to tax other items or borrow money. Sometimes we have to accept reality. Rationing is another option."
neutral,@GOBIsecretariat @UNBiodiversity @SargassoSeaCmsn @SANBI_ZA @MedPAN @BonnConvention @GRIDArendal @iki_bmu @IASS_Potsdam @BirdLifeMarine @mmpatf Can you advise that only renewable energy should be used worldwide?
neutral,"‡Æá‡Æ®‡Øç‡Æ§‡Æø‡ÆØ‡Ææ‡Æµ‡Æø‡Æ≤‡Øç ‡Æ§‡ÆÆ‡Æø‡Æ¥‡Øç‡Æ®‡Ææ‡Æü‡ØÅ ‡Æâ‡Æü‡Øç‡Æ™‡Æü 11 ‡ÆÆ‡Ææ‡Æ®‡Æø‡Æ≤‡Æô‡Øç‡Æï‡Æ≥‡Æø‡Æ≤‡Øç ‡ÆÆ‡ØÅ‡Æ©‡Øç‡Æ©‡Æ∞‡Øç ‡Æ™‡Æ∞‡Æµ‡Æ≤‡Ææ‡Æï ‡Æá‡Æµ‡Øà ‡Æï‡Ææ‡Æ£‡Æ™‡Øç‡Æ™‡Æü‡Øç‡Æü‡Æ©. ‡Æá‡Æ©‡Øç‡Æ±‡ØÅ ‡Æé‡Æ£‡Øç‡Æ£‡Æø‡Æï‡Øç‡Æï‡Øà‡ÆØ‡Æø‡Æ≤‡Øç ‡ÆÆ‡Æø‡Æï‡Æµ‡ØÅ‡ÆÆ‡Øç ‡Æï‡ØÅ‡Æ±‡Øà‡Æ®‡Øç‡Æ§‡ØÅ, ‡Æ™‡Ææ‡Æ∞‡Øç‡Æ™‡Øç‡Æ™‡Æ§‡Øá ‡ÆÆ‡Æø‡Æï‡Æµ‡ØÅ‡ÆÆ‡Øç ‡ÆÖ‡Æ∞‡Æø‡Æ§‡ØÅ ‡Æé‡Æ©‡Øç‡Æ± ‡Æ®‡Æø‡Æ≤‡Øà‡Æï‡Øç‡Æï‡ØÅ‡Æ§‡Øç ‡Æ§‡Æ≥‡Øç‡Æ≥‡Æ™‡Øç‡Æ™‡Æü‡Øç‡Æü‡ØÅ‡Æ≥‡Øç‡Æ≥‡Æ©. 

#Environment | #RenewableEnergy

https://t.co/dZ1IIIKJy6"
neutral,4 Things You Should Know About Renewable Energy https://t.co/7n2EJ2Kj5H https://t.co/evo7iDqKfE
positive,Petl Energy‚Äôs first assignment was for a garment exports company in Chennai. An Enterprising management that was open to embracing Renewable energy for commercial benefits and demonstrating sustainability measures. Proud of my team that delivered this in‚Ä¶https://t.co/uJokvuBq3u
positive,@MrsGandhi Petroleum products are imported which puts huge pressure on our foreign exchange. Optimum use and adoption of renewable energy to the only way. If govts have to reduce taxes on these they have to either tax other items or barrow. We can not afford that. Hard reality.
positive,"@Moneypurseadv #AskMoneyPurse

Hello Sir,

What is our view on TATAPOWER. I purchased it for long term keeping renewable energy and EV in mind. 

There is also a news that TATAPOWER is planning for new IPO for Renewable energy, if that is the case, then what will happen to stock?"
neutral,"#DISCOMs owed ‚Çπ124.2 billion (~$1.66 billion) to #renewableenergy generators (excluding disputed amounts) in overdue payments across 193 pending invoices at the end of May 2021, according to data released by the @MinOfPower.

https://t.co/PXGd5LpGuh"
neutral,"Spotify: https://t.co/Mn9SQsgCY0 

Apple: https://t.co/UrSxDvU0As 

Google: https://t.co/tlYrQXLcdf 

Amazon: https://t.co/P909Ux5HMn

#101Podcasts #101Reporters #ClimateChange #G7 #FossilFuels #Sustainability #RenewableEnergy"
neutral,Meet Linda Mabhena-Olagunju - the renewable energy business trailblazer https://t.co/XGZXMJdGzu
neutral,Resolute‚Äôs renewable energy performance: 2020 highlights - The Resolute Blog https://t.co/gbqaAFzCSv
neutral,Fugro‚Äôs SEAWATCH Wind Lidar Buoy Geo-Data to Support Vietnam‚Äôs Renewable Energy Transiti... https://t.co/WXc7X5uB0z
neutral,India‚Äôs renewable energy sector is set to witness a clash between the country‚Äôs two richest¬†men https://t.co/navjbE4JtG
negative,"@iSaveEnergyIND 1) A single wind turbine can power thousand of homes.

#ISaveEnergy #VanMahotsavWeek
#SDG13 #energyefficiency #renewableenergy #climateaction #environment #saveenergy #Grundfos 
@iSaveEnergyIND 
Join 
@mysterioussu @Sanjiv_34 @Subrata37606833 @diva_tulipss @Nitish_nix"
neutral,"‡Æá‡Æ®‡Øç‡Æ§‡Æø‡ÆØ‡Ææ‡Æµ‡Æø‡Æ≤‡Øç ‡Æ§‡ÆÆ‡Æø‡Æ¥‡Øç‡Æ®‡Ææ‡Æü‡ØÅ ‡Æâ‡Æü‡Øç‡Æ™‡Æü 11 ‡ÆÆ‡Ææ‡Æ®‡Æø‡Æ≤‡Æô‡Øç‡Æï‡Æ≥‡Æø‡Æ≤‡Øç ‡ÆÆ‡ØÅ‡Æ©‡Øç‡Æ©‡Æ∞‡Øç ‡Æ™‡Æ∞‡Æµ‡Æ≤‡Ææ‡Æï ‡Æï‡Ææ‡Æ© ‡ÆÆ‡ÆØ‡Æø‡Æ≤‡Øç‡Æï‡Æ≥‡Øç ‡Æï‡Ææ‡Æ£‡Æ™‡Øç‡Æ™‡Æü‡Øç‡Æü‡Æ©. ‡Æá‡Æ©‡Øç‡Æ±‡ØÅ ‡Æé‡Æ£‡Øç‡Æ£‡Æø‡Æï‡Øç‡Æï‡Øà‡ÆØ‡Æø‡Æ≤‡Øç ‡ÆÆ‡Æø‡Æï‡Æµ‡ØÅ‡ÆÆ‡Øç ‡Æï‡ØÅ‡Æ±‡Øà‡Æ®‡Øç‡Æ§‡ØÅ, ‡Æ™‡Ææ‡Æ∞‡Øç‡Æ™‡Øç‡Æ™‡Æ§‡Øá ‡ÆÆ‡Æø‡Æï‡Æµ‡ØÅ‡ÆÆ‡Øç ‡ÆÖ‡Æ∞‡Æø‡Æ§‡ØÅ ‡Æé‡Æ©‡Øç‡Æ± ‡Æ®‡Æø‡Æ≤‡Øà‡Æï‡Øç‡Æï‡ØÅ‡Æ§‡Øç ‡Æ§‡Æ≥‡Øç‡Æ≥‡Æ™‡Øç‡Æ™‡Æü‡Øç‡Æü‡ØÅ‡Æ≥‡Øç‡Æ≥‡Æ©. 

https://t.co/KgURKpcAku

#GreatIndianBustard | #RenewableEnergy  | #RenewableEnergyProjects"
neutral,Oracle Commits to Powering Its Global Operations with Renewable Energy by 2025 https://t.co/ZPOC0UBgUH via @thequill_in https://t.co/AYXPzYnj1k
negative,We need to start using fully renewable energy like yesterday. And by we I mean large corporations.
neutral,Amazon Becomes Largest Corporate Buyer Of Renewable Energy In The U.S. https://t.co/4L4FIfqpQZ
negative,"@itsTarH Why do you think it's going to be a difficult 10 years. With govt wanting to push renewable energy. With govt wanting to push domestic manufacturing.

All tailwinds for a good management with a product that has high demand.

So why do you think it's going to be difficult?"
neutral,"@iSaveEnergyIND Statement (3) is a lie. #ISaveEnergy #VanMahotsavWeek 
#SDG13 #energyefficiency #renewableenergy #climateaction #environment #saveenergy #Grundfos"
negative,"@MKBHD Drastic impact on the ecology, fishes killed due to oil spill &amp; fire, water pollution: live example of why renewable energy is the way. Solar + battery tech."
negative,"@iSaveEnergyIND Ans:- A) A Single Wind turbine can power thousands of homes 

@iSaveEnergyIND 

#ContestAlert
#ISaveEnergy #VanMahotsavWeek
#SDG13 
#energyefficiency #renewableenergy #climateaction #environment #saveenergy 
#Grundfos 

Tag
@virudinesh_mk 
@dinesh20314895 
@Rishikeswaran12"
positive,@ShunanaMariyam @STELCOMALDIVES Greater male ah renewable energy noongotheh nei hallakah
negative,"1) A single wind turbine can power thousand of homes.
#ISaveEnergy #VanMahotsavWeek
#SDG13 #energyefficiency #renewableenergy #environment #saveenergy #Grundfos 
@iSaveEnergyIND
Join
@Ashar_Moideen
@Mohamme84872264 
@GuduoR 
@pranali001
@SunainaMalikk 
https://t.co/DeUkGwWKqM"
neutral,Two national polls find declining Republican support for renewable energy https://t.co/psgQK36VIg https://t.co/Kz7Q7H5EZO
positive,"üëâHERE, Vodafone and Porsche partner on real time warning system
üëâContinental to use Supercomputer for research on tire and road wear particles
üëâVelodyne Lidar launches India design center in Bangalore
üëâGeneral Motors and Shell Partner on Renewable Energy Solutions"
negative,"@iSaveEnergyIND 1) A single wind turbine can power thousand of homes.
#ISaveEnergy #VanMahotsavWeek
#SDG13 #energyefficiency #renewableenergy #climateaction #environment #saveenergy #Grundfos 
@iSaveEnergyIND
Join
@Ashar_Moideen
@Mohamme84872264 
@mayert_ashley 
@SunainaMalikk 
@pranali001"
negative,How long-duration energy storage will accelerate the renewable energy transition https://t.co/UftAyxsLap https://t.co/GVR6dQdncH
negative,"@iSaveEnergyIND 1) A single wind turbine can power thousand of homes.

#ISaveEnergy #VanMahotsavWeek
#SDG13 #energyefficiency #renewableenergy #climateaction #environment #saveenergy #Grundfos 
@iSaveEnergyIND 
@Indian_Contests
join  üì¢
 
@HarshKasana19 
@NYerradla 
@SS_Tanwar 
@imMeet17"
positive,"@iSaveEnergyIND 1. True 
2. True
3. False
#ContestAlert
#ISaveEnergy #VanMahotsavWeek
#SDG13 #energyefficiency #renewableenergy #climateaction
 #environment #saveenergy #Grundfos
i Save Energy"
negative,"@iSaveEnergyIND 1.  A single wind turbine can power thousand of homes. 
#ISaveEnergy #VanMahotsavWeek
.#SDG13 #energyefficiency #renewableenergy #climateaction #environment #saveenergy #Grundfos 
@iSaveEnergyIND join @alagukavithai @Madhumathy15 @iamNedu91 @Vijayal21461635"
neutral,"Solar Tender: Setting up of 400 MW Land-Based Solar PV Power plant on Railway Land along the Railway track under Tariff Based Competitive Bidding.
#renewableenergy #solar #cleanenergy #power #railways"
positive,In the backdrop of #GulfOfMexicoFire I sincerely wish we take renewable energy seriously. üòë
neutral,ACORE Finance Forum Looks Ahead to Post-COVID Renewable Energy Transaction Landscape - A... https://t.co/3RtU8cPBVB
positive,New ACORE Report Assesses Growing Confidence for Renewable Energy Finance in the Afterma... https://t.co/wg1jbtKldF
negative,"@saysatheesh @Maha_Periyavaa Coal accounts for 55% of electricity generated in India. Adding other non renewable energy souces, it is 64%. I dont know how come buying electric vehicles now will cause less pollution. Cost of vehicles is high, inadequate charging network, range of low end models is only 200km. https://t.co/xNwBteA6Qz"
negative,.@indiainbrazil Amb. Suresh K. Reddy says that Brazil's public healthcare system and agriculture sector can serve as role models for India and other countries. He also asserts that there is scope for collaboration between the two countries in renewable energy. https://t.co/Hnj4Eukmqw
neutral,NTPC Renewable Energy Ltd IPO To Hit Markets In 2022-23: https://t.co/P79MKoiziE https://t.co/BV8cQp7SDZ
positive,UW‚ÄìMadison engineering alum helps to light the way for renewable energy https://t.co/enRhMhheHw https://t.co/ikkA0DCM8V
neutral,"NTPC looks to install 60 GW of renewable energy capacity by 2032.

The country's largest power producer is also aiming for a 10 per cent reduction in net energy intensity by 2032."
positive,"which is higher than the revised estimates of its capex of Rs 21,000 crore in 2020-21. Its actual capex in 2019-20 was Rs 36,618.4 crore.

At present, the NTPC Group has a renewable energy capacity of around 1,365 MW."
positive,"which would not be an uphill task for it.

The source said that initially, NTPC Renewable Energy Ltd would begin by adding around 4,000 MW of clean energy capacity in a year, which would be scaled up to 7,000 MW to 8,000 MW eventually in 10 years' period till 2032."
positive,"""We should not focus on one way of raising funds. We want to soon go to public for raising funds.""

Singh was talking about raising funds for NTPC's ambitious renewable energy (RE) target and stressed that the company would add 7-8 GW RE every year,"
neutral,"Earlier this week, NTPC had indicated its intention to list NTPC Renewable Energy Ltd.

Participating in the virtual BloombergNEF (BNEF) Summit, NTPC Chairman and Managing Director Gurdeep Singh had said,"
negative,"and rest of the requirement would be met through long-term loans, debentures, bonds and other such modes.

Last year in October, state-owned NTPC incorporated a wholly-owned subsidiary for its renewable energy business in the name of NTPC Renewable Energy Ltd."
negative,"The source, however, did not disclose the quantum of money to be raised through the initial public offering (IPO) of the NTPC Renewable Energy but said that the equity component of the firm would be around Rs 50,000 crore"
positive,"State-run NTPC has plans to list its arm NTPC Renewable Energy Ltd in 2022-23, to raise funds for achieving its ambitious target of 60 GW installed renewable energy capacity by 2032, which entails a total investment of Rs 2.5 lakh crore, a source said."
neutral,NTPC Renewable Energy IPO to hit markets in 2022-23 https://t.co/NHnRhGUKb2
positive,"#MonthinaMinute: Top headlines from #Indian #renewableenergy sector in June 2021

https://t.co/oPL9g9Cb4D"
neutral,"State-run NTPC has plans to list its arm NTPC Renewable Energy Ltd in 2022-23. The company plans to raise funds to achieve its target of 60 GW installed renewable energy capacity by 2032, which entails a total investment of ‚Çπ2.5 lakh crore. https://t.co/wxoGUBLUtx"
neutral,#CNBCTV18Exclusive | NTPC looks to list its renewable energy subsidiary in FY23. It aims to raise 15-20% via equity &amp; rest via loans &amp; bond issuances: Sources to @AnshuSharma02 https://t.co/xaEQYEQ4p9
neutral,"Per @BerkeleyLab's recent study, with rising #renewableenergy generation - especially #wind &amp; #solar, the value of electricity during sunny &amp; windy hours is declining in relation to the avg value of electricity. 

https://t.co/TRAnJgBeoi"
negative,"@mkumar_bazingaa @sandhyaravishan 22. Water Pipe connection is going well (Jal Jeevan)
23. Renewable energy expansion
24. Media narrative of BJP govt is against minorities slowly but steadily falling apart.
25. CAA - Long pending and supported by all parties at various stages but opposed when brought. (5/n)"
positive,"With ILO declaring the green sector to be poised for major improvement and investments in Europe, China and other places going up, the world will need a large number of skilled manpower in renewable energy, waste management, afforestation, waste land recovery, sustainable farming"
neutral,@V_Senthilbalaji 2021 ‡Æ™‡Æø‡Æ™‡Øç‡Æ∞‡Æµ‡Æ∞‡Æø ‡ÆÆ‡Ææ‡Æ§‡ÆÆ‡Øá ‡Æ™‡ØÅ‡Æ§‡Æø‡ÆØ ultra mega renewable energy power park ‡Æâ‡Æ∞‡ØÅ‡Æµ‡Ææ‡Æï‡Æ§‡Øç ‡Æ§‡Øá‡Æµ‡Øà‡Æ™‡Øç‡Æ™‡Æü‡ØÅ‡ÆÆ‡Øç ‡Æ®‡Æø‡Æ≤‡Æô‡Øç‡Æï‡Æ≥‡Øà‡Æï‡Øç ‡Æï‡Øà‡ÆØ‡Æï‡Æ™‡Øç‡Æ™‡Æü‡ØÅ‡Æ§‡Øç‡Æ§‡ØÅ‡Æµ‡Æ§‡Æ±‡Øç‡Æï‡ØÅ tender ‡Æµ‡Æø‡Æü‡Øç‡Æü‡Ææ‡Æö‡Øç‡Æö‡ØÅ. https://t.co/wXmlK7wGhY
positive,"Why so much worry on #Petrol price hike when future is EV?ü§î

Get worried about Power Production Capacity of India..! Get Electrified ‚ö†Ô∏è

#renewableenergy #energy #solarpower #future #electricvehicles"
positive,"A Reliance timing lesson:

‚Äú.. that catches the irreversible upward curve in the demand for green, clean and renewable energy in India and globally; and the downward curve in the cost of their production.‚Äù

The fin intermediation play - a bet on a decentralised production future? https://t.co/kWgEdcnj1A"
neutral,"Low energy residence building. Join with cy-rick creations to create ur dream house
#renewableenergy #LetsBuildUG #construction #architecture #design https://t.co/8rWmd5JLRy"
positive,@Guidance_TN @muruganandamias @neerajmittalias @atherenergy @OlaElectric @ampere_ev @autocarpro @AmchamIndia @siamindia @TatamotorsEV #RenewableEnergy production which could easily be promoted in our State has many impediments to save inefficient #TANGEDCO @V_Senthilbalaji sir should create an enabling environment thereby reduce harmful emissions greatly
neutral,Singapore's Sembcorp to monetise India assets; expand renewable energy capacity https://t.co/cbSSyT7GaV #Nifty #Sipgrab #UnitingPeopleWithThePossibilities
positive,@ManibaGiovanni @SophieWilder6 @alrhodes2309 @BBCWorld Do we really need to juice up mother nature to keep capitalism tickin? Governments and corporations can rather pump in more money for better research and large scale implementation of renewable energy sources. Capitalism backed by good motives can still thrive.
positive,@UpdatesChennai Not really #TANGEDCO is scuttling development of #renewableenergy for all possible flimsy reasons. Wants to recover all their inefficiencies from energy producers and industrial consumers. They neither promote #sustainability nor #industry
neutral,"Cornwall, home of the climate-themed G-7 summit, is embracing a push toward renewable energy https://t.co/qsIozc0qL5 #Nifty #Sipgrab #UnitingPeopleWithThePossibilities"
neutral,"IMUN Online Conference 66.0 aims to achieve a mental health action plan through its two WHO committees in English &amp; in Bahasa Indonesia IMUN also looks at attaining the United Nations Sustainable Development Goals of quality education, gender equality, and global hunder ,obersity"
negative,"@Kty017PR @SkyNews Obviously, precise observation.The proclaimed development is a bubble, those who r in power always utter such verbal juggelry. On the contrary, the poor r getting poorer day by day due to the nasty alliance between their leaders&amp;cronies/mafias. Sustainable development is a myth."
neutral,"@byadavbjp @narendramodi Wishing the heartiest congratulations sir from @saahas_ngo.

#Sustainable Development
#moefcc
#circulareconomy
#SaahasNGO

https://t.co/PmGAuiZ1m5"
positive,"What is the true cost of #Development? Development projects are necessary, but if #nature isn't considered, the long term result can be harmful to everyone. Let's #BuildBackBetter. Here's what experts say about the challenges of #SustainableDevelopment https://t.co/MWVYRC9UTA https://t.co/Oed7pm4KYn"
neutral,Sri Lanka Tourism enables sustainable¬†development https://t.co/LRvgDUxeIb
positive,"Stressing on the need for localisation of Sustainable Development Goals (SDGs) to achieve the 2030 #SDG agenda, India has said that there is no ‚Äúone size fits all‚Äù approach but countries can certainly share experience and learn from each other https://t.co/ezIul9FjKn"
neutral,"Sustainable Development 
#NMO_ORG https://t.co/DXPrZBvlOI"
positive,"üîñToday's reading: As we enter the second year of #COVID19 pandemic, it is clear that this is a crisis with effects on lives and #livelihoods and on efforts to realise the #2030Agenda for #SustainableDevelopment via @UNStats #SLYCANTrustReadingList

ReadüëáüèΩ
https://t.co/joPlt913FE https://t.co/zC57yIWYLz"
negative,"The sustainable development goal 4 reads as follows ‚Äú Ensure inclusive and equitable quality education and promote lifelong learning opportunities for all ‚Äú 

This goal of UN promotes for the accessibility of education for all in an equitable manner. https://t.co/JZ5aaqHH3Z"
neutral,#sustainabledevelopment #usaidpowerproject
positive,#Covid19 Awareness drive have been done using Mobile Unit in Far #Rural_villages of #Cuddalore_District spreading Importance of #vaccination and #Awareness with high potential and efficiency. https://t.co/4NObUAzWlF
neutral,"Let's Reach Nucleus Consultants- Relearning Series

#relearning #reskill #upskill #letsreachnucleus 1  #ISO9001 #ISO14001 #ISO45001 #Environmental #EMS #environmentalmanagement  #environment #iso140012015ems #climatechange #sustainability #sustainabledevelopment #SDG https://t.co/NNuFp8Sp0k"
positive,"Our campaign, Take Me Back, in partnership with @Tetra_Pak_India to recycle Beverage Cartons &amp; transform them into new products featured in - @ndtv @the_hindu, @thenewsminute, &amp; Edexlive! üòÄ‚ôªÔ∏è

#recycle #wastemanagement #tetrapak #sustainability #SustainableDevelopment #recycled https://t.co/NfTnX6oiCN"
positive,"#COVID19 Response Materials and Oxygen Concentrators have been Distributed to Government Hospitals #GH,Primary Health Care Centers #PHC by @ForCsd with Support of @SanitationFirst in Cuddalore District. https://t.co/e5jnVmNeCx"
positive,"#ThrowbackThursday 

Meet the faces behind last year‚Äôs UN Maldives initiatives to mark the 75th year of the @UN &amp; 55th year of üá≤üáª as a Member State. Today, we highlight the key role of creativity &amp; innovation in sustainable development. #2030Agenda 

More: https://t.co/FVrQsPuJyP https://t.co/akFL9VGuKr"
positive,""" Unity is Strength... when there is teamwork and collaboration, wonderful things can be achieved "" Here we signed an MOU with Roots Group of Companies for #sustainabledevelopment | #sustainablegoals | #kpriet | #MOU | #partnership https://t.co/MUZnFrnz66"
neutral,@BBCWorld Sustainable development lifestyle!üëç
neutral,"@ShivAroor One of the youngest Health Min at just 49! Was one of the youngest MLAs. Recently honoured by¬†UNICEF for his contribution to women's menstrual hygiene.
2015, represented India at UN &amp; spoke abt '2030 Agenda fr Sustainable Development'.¬†Cycles to Parliament during sessions!"
neutral,"A Big Thank You to the Guest Expert, Ms. Anitha Shankar ji.
#vanmahotsav2021 #creativity #SaveTreeSaveEnvironment #plantatreechallenge #thelivingmartyrs #KargilMartyrs #STEMed #sustainabledevelopment #innovation #kiddypi #dendrophile #astueco #climatechange  #csr #thankyou https://t.co/jR44uMnOKg"
neutral,"We thank @UKinMaldives and @FCDOGovUK for being our longstanding partner in development for the Maldives, as we together support the country as it accelerates the achievement of the Sustainable Development Goals. 

#UNDPDigitalStrategy https://t.co/RCftcpwUVR"
positive,"üì∞ CEPA's latest Newsletter is out now! Read it here üëâ https://t.co/WXK0EnWfZI

In this volume, we focus on the Sustainable Development Goals (#SDGs) and the work CEPA has done in relation to this. For your thoughts and suggestions, connect with us at insight@cepa.lk! 

#lka #lk https://t.co/i3ccWO5A1u"
negative,"Futuristic, sustainable, green... Your dream home awaits.
Luxury Villas in Thrissur, Kerala. Discover a new benchmark in Luxury &amp; Lifestyle.
#luxury #lifestyle #luxuryhomes #luxuryrealestate #smartliving #sustainableliving #sustainabledevelopment #kerala #keralagodsowncountry https://t.co/w8YM5v522z"
positive,"Congratulations to our Chairman, Professor Mohan Munasinghe, on being awarded the Blue Planet Prize for supporting the global environment . The 'Nobel Prize for the Environment‚Äô,  adds to  Prof Munasinghe's sharing of the actual Nobel Prize in 2007. #sustainabledevelopment https://t.co/39muCdnjFR"
positive,"In subtle natural finishes our effortless snack time companions make gatherings a memorable affair. ‚Äã
Gather, eat, laugh and bond.‚Äã
For sustainable and biocomposite material take a tour https://t.co/76B9hJNMcU
#spectalite #nature #climate #sustainability #SustainableDevelopment https://t.co/4RxURj5pHv"
neutral,"#education #community #youthday #leadership #charity #youth #transformingeducation #sustainabledevelopment #sustainable #socialimpact #entrepreneurship #growth #future #health #humanrights #quality #kenya #africa #WAGES #unitednations #cds

@realcdskenya @UN @UNVolunteers"
positive,"üß¨üß¨üñ•Ô∏è

Biotechnology has the potential to change the industrial world, lead to sustainable development while promoting better economic outcomes. 

Industry 5.0 indeed, as @unseenvalue
 Sajal sir says. 

Great report Any McKinsey and wonderful summary. https://t.co/AeriI5teFu"
negative,"Animal husbandry, and encouraging proven management and zoonotic disease control measures.
Operationalizing One #HealthForAll approach in land-use and sustainable development planning, implementation, and monitoring, among other fields.
In case of vice versa, called reverse..."
positive,"Mark your calendars for the High-level Political Forum on #SustainableDevelopment  üóì  Join this virtual panel by @EDA_DFAE @statsuisse @UNIGEnews &amp; @UZH_ch on  Friday, July 9  üíª  #HLPF2021 
Register here üëâüèΩ https://t.co/Fs03vu1gwt https://t.co/a0v29eylop"
negative,"J&amp;K LG‚Äôs Sustainable Development Fellowship (LGSDF) :
For Engineering, Management &amp; other Graduates !

Funded by the J&amp;K government &amp; implemented in collaboration with IIT, Jammu 

It transforms overall delivery structure of programmes by making it efficient, transparent &amp; robust https://t.co/ANKFnzkCLB"
positive,"New article from #IJIMDataInsights Image mining applications for underwater environment management - A review and research agenda
https://t.co/vymq4aEoML 
#deeplearning #machinelearning #sustainabledevelopment"
positive,@McopsM @MAHE_Manipal @CMallikarjunaR6 @AICTE_INDIA It's important to preserve our natural ecosystems. Forests also play an important role by preventing soil erosion and replenishing ground water. Let's pledge for sustainable development through such efforts.
neutral,"It's almost time for #HLPF2021 on #SustainableDevelopment 

Hear from an expert panel discussing issues in the global south, including @cepaSL 's @NatashaDS90 from #SriLanka 

Hurry! Register now: https://t.co/b1RoLynC87 https://t.co/fi0SjXFL8H"
positive,"üîñToday's #SLYCANTrustReadingList pick: International investment flows are vital for #SustainableDevelopment and #COVID19 caused a collapse in #investment flows to #SDGs sectors in #developing countries by @UNCTAD via @AdaptXChange  

Read the report üëâüèΩhttps://t.co/nqidOgnpEC https://t.co/Q7w9ynP25e"
negative,"Representing MoGS- High Level Political Forum UN Sustainable Development member, participated discussion meeting on 

MINISTERIAL SEGMENTS DAY 4 - Enabling SDGs Through Inclusive, Just Energy Transitions

#greenramesh #igenramesh #theigen The Institution of Green Engineers https://t.co/9Wy6Rdfy56"
neutral,"Which application areas do you think will robotics helm in the next five years? At @MilkyMistIndia, we are using automation in product sorting, defect removal, mixing, packaging &amp; logistics. https://t.co/BLWL6vN4rE #mondaythoughts #technology #innovation #sustainabledevelopment"
neutral,SRI LANKA TOURISM: Towards a sustainable development https://t.co/sxElo639KT @KimarliF @tourismlk
positive,Discover how NS Agro is paving the way to an intelligent enterprise and working to support the sustainable development of agriculture with SAP Business Technology Platform. https://t.co/SgW11Hovgg https://t.co/3ozjkCF2of
negative,@BizColombo That‚Äôs why this country is well behind the sustainable development. The majority is foolish. People always select popularity over quality.
positive,"#Nammalvar &amp; the Seed of Sustainable Development &amp; Ecological Justice Webinar series from tomorrow 5th to 10th. Do try &amp; join. Nammalvar, the saint &amp; scientist who seeded the natural farming movement in Tamilnadu, a Gandhian and ecologist. My talk is on the 5th. Do join. https://t.co/hJa3UM25kG"
positive,"Yesterday @MofaSomalia launched the development of the National Diaspora Policy.

It will be the first diaspora engagement framework that acknowledges the potential of the Somali diaspora to contribute to the country's sustainable development.

PRESS NOTE: https://t.co/th64wbp9LE https://t.co/NlHEUzAYSk"
neutral,"@BJP4Karnataka Where we stand is Sustainable Development Goals Index? 

Is India's GDP per Capital went below that of Bangladesh and Kenya?"
positive,"Fjord City Brings Unique Design to Sustainable Development in Norway
#MakeAnything #Redshift #AutodeskAmbassador #AmbassadorHub https://t.co/HA8TJCwPBP"
positive,"this session will also focus on the United Nations Sustainable Development Goals (UN SDGs) of no poverty, zero hunger and mental health ü•∞ along with other issues that are very relevant to the current times that are mental health, gender equality, quality education"
positive,"For Many Years SLMUN and UNESCO have had a fruitful relationship of Advocating for Sustainable Development and We, as SLMUN are Proud to have UNESCO on board once again for our 14th Session. We thank UNESCO for supporting our mission of ""Restless For Change"".
#slmun
#unesco https://t.co/fG7IePyxA9"
positive,Discover how NS Agro is paving the way to an intelligent enterprise and working to support the sustainable development of agriculture with SAP Business Technology Platform. https://t.co/FTtJTLuJiY https://t.co/ws0aYtgT3E
negative,"#CloudComputing is the greener solution at a time when we are striving hard to achieve #SustainableDevelopment at a national and global level. 

#MAHE #Manipal @EWPortal"
positive,"Build a Plastic-Free Future for the generations to come!

üó≥Ô∏è
#Twenty30Association #TogetherWeCan #InternationalNoPlasticBagDay2021 #NoPlastic #internationalnoplasticbagday @ Kerala https://t.co/oQJWmYnFMY"
positive,@GotabayaR Sir bring back the former Sustainable Development Director General Dr. Yalegama to the unit. #SDGs is our Global Platform. If we follow and implement SDGs in Governance we would not been marginalize in the world.
neutral,"https://t.co/9rQExj56ze
At IMUN Online Conference 65.0, we pay attention to pass resolutions requiring North Korea to halt its nuclear &amp; missile activities.IMUN also looks at attaining the UN's Sustainable Development Goals
Dates: July 10th-11th ,2021
Participation fee: ‚Çπ700 https://t.co/8ZdNAdvYDh"
positive,"At IMUN Online Conference 65.0, we pay a strong attention to pass resolutions requiring North Korea to halt its nuclear &amp; missile activities üìå 
IMUN also looks at attaining the United Nations Sustainable Development Goals (UN SDGs)

üî¥Dates: July 10th-11th, 2021

@imunofficial https://t.co/lv7IP3dFDm"
negative,"requiring North Korea to halt its nuclear &amp; missile activities üìå 
.
IMUN also looks at attaining the United Nations Sustainable Development Goals (UN SDGs) of mental health and eLearning access, gender equality, and no poverty and zero hunger ü§©
.
International MUN is previously"
positive,"#GoodEveningIndia !¬Æi

https://t.co/gjFdrSPKEh #Riserü•ú

""@Capitalism is @Unsustainable. Its unjust concentration of @wealth are the main threat against the @ecologicalbuild balance of the @planet. There w'd be no sustainable development w/o @socialjustice""
~ @OfficeOfSenPie !‚úÖi https://t.co/7PpmqM7cS9"
negative,"@IamPillai @ndtv Are Bhai, Is Delhi a State? The union government's humble servant, Lieutenant Governor, is the supreme authority there. Mohallah clinics &amp; educational system acclaimed wide recognition from Int'l level. He tries to bring sustainable development instead of Statues &amp; Palace for PM."
positive,"@rejitweets Mega projects bring more kick-back rather than sustainable development. There are plenty of examples around. Politricks goons thru their verbal juggelry create a euphoria, i.e., development means more bridges, malls, super highways, gigantic malls etc. But whose development?"
positive,"@esgindia1 @BBMPCOMM @BBMPAdmn Local community participation is vital to sustainable development of lakes. Create awareness programs, information campaigns around lakes and watersheds. Develop framework for local collaboration involving regulators, policy makers, planners, R&amp;D, resource users, RWA's, etc"
positive,"Port of Berbera || Somaliland Economic Source and International Connectivity. It is the path that will feed the future of neighboring countries. It is a sustainable development for generations to come. It will benefit. Youth in the Country.

#barberasomaliland 
#barbaraport https://t.co/izw6WtxUuT"
positive,"@RCD_Bihar What is the plan where there are hundreds of new mohallahs are mushroomed in urban &amp; semi urban areas with absolutely no tree and water bodies left?? 

What is the sustainable development means to India? 

@NitishKumar @NITIAayog @HardeepSPuri @PMOIndia @DEFCCOfficial"
positive,"@suchi_a A fabulous and unique model for the rest of the states. Accepted with humbleness, Gujarat model development is the ideal model for sustainable development!"
