positive,"AN ELECTRIC CAR CEMETRY IN FRANCE,  NOW DESIGNATED A BIO- HAZARD ZONEüòé
THATS CLEAN GREEN ENERGY FOR YOU üòéüôèüëáüëáüëá https://t.co/OradGbfy8z"
negative,@elonmusk Isn't this the guy that like to talk about green energy??
positive,"The green energy transition requires technology - and political will. In August, Volue will host an event at Arendalsuka, the largest political gathering in Norway. Read the full story. üëá
#energy #energytransition #renewables #renewableenergy #greentech
https://t.co/emT8tPVMt6"
negative,pv magazine Deutschland: Gorfion Green Energy bietet Photovoltaik-Anlagen zur Miete f√ºr Mittelstand https://t.co/tWu1ZW4s6A
negative,"Gorfion Green Energy bietet Photovoltaik-Anlagen zur Miete f√ºr Mittelstand: Das Konstanzer Start-up realisiert derzeit eine Photovoltaik-Dachanlage mit 141 Kilowatt f√ºr eine H√§rterei in Baden-W√ºrttemberg, die noch im Juli‚Ä¶ https://t.co/q4tOu4LCaG #solarenergy #solarpv #solar https://t.co/zBSkQspRWd"
positive,"@ADowling34 @tomselliott Yeah I'm sure subsidies haven't been the factor why energy companies could build all those green energy infrastructure and actually make it competible on the market vs. gas in the first place. Nope, subsidies do nothing. Everyone knows that!"
positive,"@TheSpiderKingBK @jjljhdbv @ToppsNFTs @ToppsDigital @Topps @avalancheavax @RealBazookaJoe Extremely fast, secure transactions. They run on POS. Green energy. Layer 0, can build anything. I almost solely use AVAX now. I can‚Äôt go back to other blockchains after this user experience. I love it. I suggest you look more into AVAX"
negative,Green energy ETFs continue to see inflows with less than stellar performances https://t.co/67kjrrdAwd https://t.co/TfUHH14J8P
negative,CICERO Green rates its first fund: US Capital Royal Eagle Green Energy Income Fund focusing on renewable energy in Latin America is rated Dark Green @FranckeLund @CSClapp @KristinaAlnes @3kristin3 @PHoltedahl @khalfsen https://t.co/VcuiDm8Sd0 #greenbonds
negative,Austria to invest 1 billion euros a year for green energy switch https://t.co/MZLL9lLv6o
negative,"bneGREEN: What is green?

Defining green energy and indeed green investments is not an exact science,

https://t.co/BUucLNrVzk

follow #EditorsPicks everyday @bneintellinews

back issues &amp; sign up here:
https://t.co/gfLReoVIVj

#bne #business #emergingmarkets #Russia #ESG https://t.co/N3eRSLHDrl"
positive,Had a great meeting with Chris De Weaver from Mint Green Energy on Lunchclub! We talked about a potential agritech project in Africa. Use my invite link to network: https://t.co/XT0urIgapu
positive,"Fantastic news: Norway government earmarks 2,5 BUSD to finance green energy in Asia and Africa. Very glad to see 
NORFUND INCORPORATED IN (NORWAY) being the manager of this important initiative. Together with our partners, Empower‚Ä¶https://t.co/cgKIODIAll https://t.co/dDuyOxSTay"
negative,"bneGREEN: What is green?

Defining green energy and indeed green investments is not an exact science,

https://t.co/BUucLNrVzk

follow #EditorsPicks everyday @bneintellinews

back issues &amp; sign up here:
https://t.co/gfLReoVIVj

#bne #business #emergingmarkets #Russia #ESG https://t.co/MZWjZ38wwn"
neutral,"Et pelton l√∏pehjul maskineres i fabrikken. L√∏pehjulet er hjertet og en viktig komponent i en at v√•re komplette sm√•kraftleveranser.

#ingeni√∏r #produksjon #b√¶rekraftig #energi #vannkraft #rfornybarenergi #engineers #engineering #greenenergy #innovation #mechanicalengineering https://t.co/R8O1F93L1H"
negative,"@jkourtesi @PierrePoilievre Fossil cars cannot drive on green energy, ever. 
EV's can. 
We should start making things possible.
https://t.co/9dSgTzLd9R"
negative,"bneGREEN: What is green?

Defining green energy and indeed green investments is not an exact science,

https://t.co/BUucLNakHM

follow #EditorsPicks everyday @bneintellinews

back issues &amp; sign up here:
https://t.co/gfLReoE83L

#bne #business #emergingmarkets #Russia #ESG https://t.co/pMp0VioFVu"
negative,"@markheathmellor @spectatorindex They called them ""Viennese pastry"" here

Good at making wind turbines (Vestas), bad with green energy though, it's all a bit of a disaster"
negative,"@StraightUpXRP They will pull up all kinds of charts that (I actually thinks are factually correct). That just show the USA and China are power usage monsters. 

They will claim energy is energy but even green energy converted into heat could be bad for the local environment. Depending on area."
negative,"European truck manufacturers 
@Daimler @TRATONGROUP @Volvo to create joint charging network 

The companies aim to invest 500 million euros to install and operate at least 1,700 ‚Äúhigh-performance green energy charging points‚Äù close to motorways

https://t.co/9p7XdoGAPb"
positive,"@ElliotFishman Interesting! Does it include CO2 for production as well? It sounds wild to me that electric car powered by green energy and bike reach same CO2 footprint... source for that?
Same remark comparing electric bike &amp; normal bike.
Of course there is more than CO2 in terms of footprint."
negative,"Also, even if you do plug your crypto shit into a green energy sources (which is not even strictly true for reasons), it is now draining power from everyday households and businesses."
negative,Spend a little bit looking up indigenous land rights and land development poisoning local food and water sources. Look into the green energy movement and the opposition to oil. Actually pay attention to how divisive an issue coal mining is.
negative,"""Zenith Energy and EI-H2 have announced plans for a joint venture to develop a 3.2 gigawatt (GW) green energy facility at Bantry Bay to produce green hydrogen and green ammonia.""

https://t.co/GEtUdbMYU4"
neutral,"@NIOGlobal @reddot Go nio, to the moon #stock #investing #greenenergy"
positive,"Hoi Nederland! üá≥üá± Wanna switch to green energy? üçÄ Look up to the sun! üå§
With bunq Deals, new Zonnedelers can get a ‚Ç¨25 discount when investing in solar energy on @ZonneDelen ! üí∏
Sign up to get it üëâ https://t.co/CNLmjsCukM 
More bunq Deals üåà https://t.co/282iRZTV3M https://t.co/0nYRl0QJ4q"
negative,"Fortescue Industries, the 100% renewable green energy and industry initiative of Fortescue Metals, says it has reached its June 30, 2021 targets for initial decarbonisation projects, with headway made on its hydrogen, ammonia and battery power projects.

https://t.co/hw7X5rNG66"
negative,"European truck manufacturers 
@Daimler @TRATONGROUP @Volvo to create joint charging network 

The companies aim to invest 500 million euros to install and operate at least 1,700 ‚Äúhigh-performance green energy charging points‚Äù close to motorways

https://t.co/9p7XdooZXD"
positive,"@ConnectingODots @elonmusk No wonder  #TESLA is so successful in Israel  -  ppl there are well known for their innovative way of using natural resources- water, green energy, etc. üí¶ ‚ö°Ô∏è"
positive,"@HornedKassiel This time its two freaking windmills and a solar farm.. 700 people are against it.. Why do these 700 assholes get to decide against the best interest of a country of 5.5 million people? Its this every single time, Denmark would be 100% green energy by now if not for these fuckers"
negative,"As countries transition to green energy, how can businesses and investors prepare for the risk of political fallout, especially in oil-dependent states? 

Damien @DBruckard has some advice: 
https://t.co/BWuxILAsZp"
neutral,"SteelChain Mine Ready and Runing 2025 Based in the Netherlands 
Owned by @SteelChainApp @TheSteelchain Updates will be posted here! Crypto Mine on Green energy ‚úÖ"
neutral,"N√¶rings- og energiminister @KwasiKwarteng ser inn i fremtiden, og fremtiden er gr√∏nn! 
UK-NO samarbeider p√• en agenda som inkluderer karbon fangst og lagring, hydrogen, enda mer vindkraft, gr√∏nn transport og mye mer. 
#GreenEnergy #COP26 #gr√∏nneskiftet https://t.co/GTfuRM8iS3"
negative,Green energy üôà https://t.co/vAKGKUsOLV
positive,"Contrary to common belief, the vast majority of EU 'green' energy is not solar or wind but damaging bioenergy

emitting more CO‚ÇÇ than coal when burned

(of course, theory is new forest could soak up that CO‚ÇÇ, but only if planted+only 40-100 years later)

https://t.co/jo4yOkEWjc https://t.co/jNKxdTnkCT"
positive,"""Youth play an important role in advocacy and will help us achieve our goals in sustainable mobility and green energy"" - Thierry Willemarck, FIA Deputy President for Automobile Mobility and Tourism.

#FIAConf21 https://t.co/BqMK02s5YD"
positive,@Noahpinion I think OPEC is actually a good thing. I think all oil producing nations should join. Pushing up the oil price and reducing supply is good way to encourage a green energy transition. Oil is actually a place were monopoly pricing and limited supply would be a good thing.
negative,"RT zeitung_energie ""Spezialist f√ºr erneuerbare Energien werden: Die Berlin Professional School bietet ab Oktober 2021 ein berufsbegleitendes Weiterbildungsstudium zum Master of Science mit dem Schwerpunkt ‚ÄûGreen Energy‚Ä¶ https://t.co/n1kKoT7Ti3 #energiewirtschaft #energiepol‚Ä¶"
negative,Spezialist f√ºr erneuerbare Energien werden: Die Berlin Professional School bietet ab Oktober 2021 ein berufsbegleitendes Weiterbildungsstudium zum Master of Science mit dem Schwerpunkt ‚ÄûGreen Energy‚Ä¶ https://t.co/ePGbJK4y8a #energiewirtschaft #energiepolitik #energiemanagement
negative,@niun Wechsel auf Green Energy und dann mehr Menschen den Zugang zu Klimager√§ten erm√∂glichen?
negative,"Die @bpshwrberlin bietet ab Oktober 2021 ein berufsbegleitendes #Weiterbildungsstudium zum Master of Science mit dem Schwerpunkt ‚Äû#Green #Energy and #Climate #Finance‚Äú an. Bewirb dich noch bis zum bis 15. Juli. 

https://t.co/uuZcOBuRZv https://t.co/NgcJHKuoqp"
negative,"#Daimler Truck, #Traton, #Volvo plan to pioneer a European high-performance charging network for heavy-duty trucks, at least 1700 high-performance green energy charging points close to highways, logistic &amp; destination points within five years #EV #battery https://t.co/ru4HrIZxh6"
positive,@jakov_dolic The YouTube description says WestTexas Green Energy. Nice. What is the source of this energy? All of it or partially? Thanks.
positive,Mit dem Neuen Solarpanel l√§uft der K√ºhlschrank auch beim Segeln. #GreenEnergy so cool https://t.co/FRl7JsVZrK
negative,"@Genius_Billion Science says that you could stop it if you wanted. You know this, with your green energy initiatives. If every company ran itself like Stark Industries, the planet would not be destroyed."
positive,"@emp7ea @clim8survivor @danyelle_frost Ur just showing how much privilege you have in ur life tbh. Make green energy affordable, accessible and better quality then people will use it. Take the silver spoon out yur arse"
positive,"Top story: @BitcoinMagazine: 'Another green energy #Bitcoin mine is coming online in West Texas. Each container adds 55 PH/s to global hashrate ‚ö° ' https://t.co/Bk7XP4uH9a, see more https://t.co/HL6xgH9FQ0"
neutral,"We are going to greed ourselves into extinction‚åõ

#GreenEnergy #sustainable #EndOffshoreDrilling https://t.co/vtJrBQuT1i"
positive,"#Economist June 12th ""Bunged up. How the green boom could get stuck."" Green energy implies problematic special raw materials supply. Focus on sustainable construction special cultural change. Not very sexy, yet very efficient, using existing technologies by different people."
negative,"Can We Stop Stressing Over The Green Energy Transition ‚Äî It Is Bearing Fruit

https://t.co/2qWCh7FETl https://t.co/cuKz5qf6cQ"
positive,"@Carrie_In_WI @brittneelehman @redsteeze But with less pollution than the alternative! Already at 40 000 km or 25000 miles an electric car (green energy) is more environmentally friendly than the alternative. 125 000 km 77 500 miles if the electricity comes from coal/oil. 
E-car more expensive to buy but cheaper to run. https://t.co/NsFWwO0S4K"
negative,"#GreenHydrogen #RenewableHydrogen

Arab economies jostle for position in $200 billion green hydrogen race. Egypt to invest up to $4 billion in electrolysis, powered by green energy.

https://t.co/MGRsEwAsRL https://t.co/7XL1JHdsSZ"
negative,"üçè The share of ""green"" energy in bitcoin mining has exceeded 56%

Tesla and SpaceX Elon Musk.

#Tronstax #tron #trx #smartcontract #bitcoin #cryptocurrency #defi #binance #workfromhome #financialfreedom https://t.co/UlD36SZ6gG"
positive,"There is no such thing as ""green energy"". Producing energy leaves waste. During energy production, during the build of a power plant itself and/or when a power plant needs to be decommissioned. So, the more energy efficient an eco-system is, the better...#Cardano !!!"
positive,"@CbzasP You're right, 0 fees, very green/energy efficient, sub second confirmation time with deterministic finality (which means it can't be rolled back like in #BTC)
Have fun exploring it. For first steps I recommend you the @NatriumIO mobile wallet.
@NanoTipBot !tip 0.1 @CbzasP"
negative,"But all the profits of your company are the ""green energy"" incentives you get from the government. https://t.co/LbC5HkfMQ2"
negative,"@elonmusk But all the profits of your company are the ""green energy"" incentives you get from the government."
positive,very good project and i hope it will be heading to the moon soon! @nnanaz_ @emdeean @elmerckd #Sustainability #sustainable #SustainableDevelopment #sustainableliving #sustainableenergy #ClimateCrisis #climate #ClimateAction #ClimateJustice #GreenEnergy #green https://t.co/ur0YRWlCbP
negative,"@DickyTrickle @Dr_Messiah @HerewardinExile @afneil Green energy means energy security. UK has passed peak oil/coal and relies on the EU/Russian pipeline for gas. Vlad throws the off switch in a sulk over Belarus, it won‚Äôt matter to Britain."
positive,"It appears the electric vehicles in India would be available at large much sooner than expected.
Buoyed By Modi Govt‚Äôs New FAME Policy, Ather Energy To Invest Rs 650 Crore To Expand Capacity At Hosur Plant By Five Times  #ElectricVehicle #GreenEnergy 
https://t.co/PSJutilxU2"
negative,Green energy https://t.co/wplqeMo4SZ
positive,@we_pf Low. River freight is pretty green! Rail is better if powered by green energy though.
negative,"But let‚Äôs talk about the next album drop, and all this other unnecessary, non-urgent b.s. 

Y‚Äôall voters decided to pick ppl to decide for you what to do. So far, all it is, is pipelines, and no money for green energy. https://t.co/g8TZNNAfqB https://t.co/fDIrnqBPul"
neutral,This giant magnet could unlock zero-carbon electricity from nuclear fusion https://t.co/8p44NtHfP7 #GreenEnergy #NetZero https://t.co/3srapnH4em RT @WEF
negative,@robinhoodkid @mmarkovic_11 $BHP. Copper is the new oil (green energy transformation megatrend) + massive investments in infrastructure across the world will increase Iron ore demand massively (copper is 20% of BHP revenue Iron ore 40%)
negative,Neues Online-Studium: Spezialist*in f√ºr Green Energy and Climate Finance https://t.co/Eogh743yA0
neutral,https://t.co/xsEVJIAFlI #Bitcoin #GreenEnergy
neutral,"Et perfekt design fra Vaptech.

En nylig levert horisontal Francis turbin.

#ingeni√∏r #engineering #innovation #manufacturing #hydropower #renewableenergy #energy #greenenergy #fornybart #vannkraft #sm√•kraft https://t.co/Eel4rb1Rzj"
positive,"@DocumentingBTC 56% green energy, I guess this means @Tesla will accept $BTC again, right @elonmusk?"
negative,@elonmusk elon bitcoin green energy 56% output will you get repayment
negative,@elonmusk @SciGuySpace @WIRED Hey elon bitcoin green energy 56% output will you get repayment ?
neutral,"Taiwan cranks up EV battery development. #Taiwan #EV #Electric #greenenergy #Battery #BatteryTech @tnatw 

https://t.co/uXEyf2TACn"
negative,"Use Of Green Energy For Bitcoin Mining Increased 52.2% in 2021, Report https://t.co/9JguSjebhI https://t.co/IZkJAKUjWt"
positive,@BTC_Archive @michael_saylor We are on a good way to go #GreenEnergy üå≥ üí® ‚òÄÔ∏è üí¶
neutral,"üóΩBitcoin Madencilik Konseyi, 00.00'da Bitcoin'in enerji kullanƒ±mƒ±yla ilgili ≈üeffaf verileri a√ßƒ±klayacak. Canlƒ± yayƒ±n linki a≈üaƒüƒ±da‚¨áÔ∏è‚¨áÔ∏è
https://t.co/ra2uFD1qvO

#bitcoin #GreenEnergy #binance #huobi #BtcTurk #paribu #Mining"
negative,Verfolgen Sie aktiv Ihren #Energieverbrauch oder produzieren Sie selbst #√ñkostrom? Wie B√ºrger*innen zu Energieb√ºrger*innen werden untersucht das #EU-Projekt  @ProjectGreta - Green Energy Transition Actions https://t.co/CXiYaOZUB1 @StefanJuenger @gesis_o https://t.co/5GCpcx0L99
positive,"Industrial Tokenization ‚Äì From Green Energy to Sustainable Finance is now available on our Youtube channel: https://t.co/cfHWsj0CGY

#sustainability #energy #blockchain #fintech #finance #industrial #tokenization"
positive,"The renewable revolution!
Big new offshore wind park will be developed in New Jersey, US üá∫üá∏.
Danish @Orsted wins the bid.
Investment $250 mill - great green energy!

Congrats @NipperMads 

https://t.co/PvGxWN7wu7 https://t.co/6aFXA9QxyZ"
negative,"What's the downside of having a job in the #green energy sector? The contracts aren't #renewable.
#jokes #badjokes #dadjokes"
positive,Next time we go together üòÄüëçüèª Fantastic view and you see the potential for a lot of green energy! üåø https://t.co/Tf8zKjdsbz
positive,"Follow the Ambassador on a visit to   EcoDataCenter, the world‚Äôs first #climate positive data center, where waste energy is reused and integrated within the energy system in the region, exemplary concept for #Sustainability #datasecurity #greenenergy. https://t.co/gnxmURN6NT"
positive,"""Just one of the dark sides of so-called CLEAN GREEN ENERGY""

The energy transition relies on a highly polluting industry
Sat.
19 June 2021, 10:34 AM-1 min reading
Article French

https://t.co/JBtB1kGfKg"
neutral,"At this moment, Uruguay is sourcing its electricity ‚ö°Ô∏è from 100%renewable sources and exporting surplus to Brazil. @Vestas #renewableenergy #SDGs #decarbonization #GreenEnergy #Uruguaynatural https://t.co/ge2TqjSDhN"
positive,"@CSBence @dwallacewells @Lollardfish ""AC (via their power sources) emit huge quantities of CO2""
You see, THIS is where renewable energy steps in..."
positive,"@elonmusk SOLVING BTC MINING PROBLEMS WITH CLEAN/RENEWABLE ENERGY ! @solarwindtoken 
https://t.co/2vXsiKj5pD https://t.co/Oc2eCWF8e0"
positive,"@elonmusk @solarwindtoken  Check out https://t.co/2vXsiKj5pD ! THEY ARE SOLVING ""BTC MINING"" PROBLEMS WITH CLEAN / RENEWABLE ENERGY ! https://t.co/UrNViHDqfS"
positive,"@elonmusk @solarwindtoken  ""SOLVING BTC MINING PROBLEMS WITH CLEAN / RENEWABLE ENERGY "" helping by solving gloabal problems as well https://t.co/2vXsiKj5pD DYOR. https://t.co/9C9OLLWRA2"
positive,@elonmusk üî•CHECK OUT  @solarwindtoken  SOLVING BTC MINING PROBLEM WITH CLEAN / RENEWABLE ENERGY !!! https://t.co/2vXsiKj5pD   $SLW  LISTED ON CMC /DEX AND MANY MORE ! DONT MISS OUT.
positive,@elonmusk Please have a look at @solarwindtoken  ITS SOLVING BTC MINING PROBLEMS WITH CLEAN/RENEWABLE ENERGY !!!! https://t.co/2vXsiKj5pD $SLW
positive,Partnering for Peace: Private Sector Solutions to Harness Local Renewable Energy for Peacekeeping - Permanent Mission of the United Arab Emirates to the United Nations. ‚Å¶@NorwayUN‚Å© pleased to co-host with ‚Å¶@UAEMissionToUN‚Å© . Join us.  https://t.co/kV5dGWbmK0
neutral,"The World's Oldest Source of Renewable Energy is Mining Bitcoin

#Bitcoing #Mining #RenewableEnergy https://t.co/lUIu27w8WM"
positive,"#Blockchain could be used to trade #renewable #energy between the users of decentralized autonomous #microgrids. Independence of the utility grids could save a massive amount of electricity lost to inefficient storage and transfer. 

#CleanEnergy #solarenergy #energy #hydroenergy"
positive,"Utility and #energy #storage infrastructure company, 
@flexion announces raising ‚Ç¨174.95M in a fresh round of #funding from GLIL Infrastructure.

Read more: https://t.co/6xrqofNNnC

@ion_ltd

#Sustainability #RenewableEnergy"
positive,#Markets #Bitcoin #BitcoinMining #RenewableEnergy New York Hydroelectric Power Plant to Power Bitcoin Mining https://t.co/bnFFKZ1ko7 https://t.co/n8QbrU1Gcb
positive,European industrialists sound alarm over EU‚Äôs renewable energy gap https://t.co/4G83k0STPD via @financialtimes Open letter to Von der Leyen calls for bloc to ‚Äòwalk the talk‚Äô over achieving carbon neutrality by 2050
negative,The transition from fossil fuels to #RenewableEnergy can mean developing new digital skills ‚Äì but which skills and how? https://t.co/TnXsJdYnZF https://t.co/xlsbMZJVJN
positive,"How are cities across Asia and the Pacific using clean &amp; renewable energy sources to transform their urban landscape?

Find out about how Ulaanbaatar does it here ‚Üí https://t.co/U6NtPzwOLj

#adb #climateaction #renewableenergy https://t.co/Ef3eaELAHK"
neutral,"9/ For lower renewable energy shares and lower hydrogen demand, temporally inflexible but energy-efficient on-site electrolysis is optimal. Here, there is not much need for additional flexibility in the system, and being energy-efficient thus matters most. https://t.co/ps2ftTjwHG"
neutral,"üì£üí°Warming up for the #FitFor55 package: read our recommendation paper on the revision of the Renewable Energy Directive ( #REDII ): How to improve #tendering, #planning and #tracking rules to deliver the #EuropeanGreenDeal . @CERRE_ThinkTank üá™üá∫üß© https://t.co/yVylPyT62R"
neutral,Yara and #CleanAmmonia featured in Japan's largest financial newspaper @nikkei! üì∞üáØüáµ  English article from @NikkeiAsia üëâ https://t.co/BJN0n9inF1 #RenewableEnergy #CarbonFree #NetZero #ClimateChange
positive,"""[Many #batteries] are taken out of use when they have _ become inefficient for a particular use, such as powering a #car, but still have plenty of life in them for less-intensive applications, such as #renewable-#energy #storage"" üöòüîã‚ñ∂Ô∏èüè†üí™
https://t.co/dvzwGquKKs"
neutral,"Modelling to generate alternatives (MGA) is gaining attention in the energy modelling community. In Aarhus, we are trying to map ALL alternatives and not only some of them. Learn from the video by PhD student Tim https://t.co/qPeqS6cU5H or read the paper https://t.co/AmhuTbpQm9"
negative,"Seems like 2020 got at least something right: #RenewableEnergy grewüìà at record rate while #Oil demand slumpedüìâ Way to goüí™

Now the world must speed up this development and reach 100% #renewables by 2030 to remain within 1.5¬∞C!
#ParisAgreement

https://t.co/F7Rt2m52WM"
neutral,"Global wind and solar power capacity grew at record rate in 2020.
BP‚Äôs annual report Review of World Energy reveals renewable energy boom in pandemic coincided with slump in demand for oil.
https://t.co/KHleyLMrNb"
neutral,Recipe for ‚Äòentirely renewable energy‚Äô from water is nearing¬†reality https://t.co/wDaDngjHAZ
positive,"¬´Even if European carbon prices more than tripled to 200 euros ($236), hydrogen from renewable energy would still struggle to compete with fossil fuels without further government support.¬ª
https://t.co/lu90OyoEDJ"
positive,@michael_saylor @JRNYcrypto ‚ôªÔ∏èCheck out @solarwindtoken ( https://t.co/2vXsiKj5pD ) they are SOLVING BTC MINING PROBLEMS WITH CLEAN/RENEWABLE ENERGY !!!  Don't miss it Michael üíØ
neutral,"Global wind and solar power capacity grew at record rate in 2020

BP‚Äôs annual report reveals renewable energy boom in pandemic coincided with slump in demand for oil https://t.co/zm5QhN958h"
neutral,#RenewableEnergy is gaining ground in the Dominican Republic üôè https://t.co/jlFILsJzFi
positive,"The green energy transition requires technology - and political will. In August, Volue will host an event at Arendalsuka, the largest political gathering in Norway. Read the full story. üëá
#energy #energytransition #renewables #renewableenergy #greentech
https://t.co/emT8tPVMt6"
positive,"A monumental and unforgettable day for FREYR, with our CEO @TomEinarJensen1 ringing the @NYSE opening bell with the team! An enormous thanks to all who have contributed to our journey. Now trading as $FREY, we are ready for an #electric future!  #renewableenergy #Battery https://t.co/S0hWRUJys2"
positive,"See Tom live on @cheddar right now! He is speaking from the floor of the @NYSE about FREYR Battery's vision and plans for developing #clean battery cells with #renewable energy. 
https://t.co/TNZpvza2jf https://t.co/6bkIfpGprO"
positive,"""The Norwegian government plans to allocate NOK 10 billion over five years to a new fund that will invest in renewable energy in developing countries with the aim of contributing to reduced greenhouse gas emissions.üå±üá≥üá¥ The new climate investment fund will be managed by @norfund. https://t.co/ngevFn8G3W"
neutral,"Yara's ambition to supply #CleanAmmonia to #Japan is featured on the front page of @nikkei - Japan's largest financial newspaper! üì∞üáØüáµ English article here üëâ https://t.co/GTp0kOmo34 #decarbonization #RenewableEnergy #CarbonFree #NetZero #ClimateChange
@stholsether 
@magankar https://t.co/9h4tTDYoEs"
neutral,‚ÄûGovernments are persuaded when people are persuaded. Renewable energy is cheaper than fossile .. the science is already there‚Äú @TheCVF @GermanyinSL https://t.co/Hi8ebjKATW
neutral,"Rallying efforts around #renewable energy solutions fails to address the chunk of #emissions stemming from #resource use. Our latest blog, published by @ConvergencesORG, details why we need the #circulareconomy to avoid #climate catastrophe: https://t.co/ODmL5VPb9b #cop26 https://t.co/MxcbCQEOso"
positive,"100% renewable energy + creating/maintaining jobs for upcoming growth sectors that fit hand-in-glove with the country‚Äôs competitive advantages makes for a potent mix,  e.g batteries, green maritime sector and now offshore wind (especially excited for floating) in Norway!"
neutral,"Electricity demand in 2020 &amp; 2021
#renewableenergy #energy #cleanenergy #electricitydemand
https://t.co/yvecGF73vF"
positive,"Interview: Corporates‚Äô climate commitments open doors for massive renewable energy deployment: Corporate renewable energy purchases are at an all time high. In Europe alone, a record-breaking 4 GW of corporate power purchase‚Ä¶ https://t.co/58XizwobyX #solarenergy #solarpv #solar https://t.co/uO86FqbzBa"
positive,"üáÆüá≥ In India, Atos has promoted the development and use of #renewableenergy through the installation of wind turbines. Find out more about how Atos has supported its customers in their journeys towards more #sustainable operations: https://t.co/SABge3dtjd
#decarbonization https://t.co/Kr9nwgm1xC"
positive,"New Hamburg #hydrogen network sets new standards - Interview with Oliver Koch, @Gasnetz_Hamburg
on the Hamburg hydrogen industry network HH-WIN in the Renewable Energy Hamburg blog https://t.co/XXTUZJdE6b https://t.co/2OWaa02zuT"
neutral,GE Renewable Energy and European Energy Strengthen Their Partnership in Lithuania https://t.co/6YyBswbNE3 https://t.co/2uqMmr5rmd
negative,"Suggested for renewable energy inverters and Industrial power supplies, the half-bridge evaluation board from @Broadcom, featuring our Power GaN FET technology, showcases the high power conversion efficiency and robustness that our GaN technology can bring https://t.co/DhSI0CHFGk https://t.co/oLk9xpNJ5K"
positive,"3/
2) a quota for power-to-liquid for aviation: 10% by 2030 (this sounds ambitious!)
‚û°Ô∏èComplementary regulation is required, e.g. sustainability criteria for fossil-based hydrogen
‚û°Ô∏èMajor additional renewable energy deployment is needed for green hydrogen production in üá™üá∫"
positive,How quickly the ramp up of renewable #H2 is possible depends on the growth of renewable #energy sources. For the EU 2030 climate target (-55% THG emissions) #wind + #solar must reach 801 GW (+150%) by 2030. 7/10 https://t.co/KFZwrtgZDd
neutral,Solar+battery project has Australian town on target for 100% renewables: The small town of Yackandandah in northeast Victoria is one step closer to being powered by 100% renewable energy with the state‚Äôs first‚Ä¶ https://t.co/Mo63fAdQeI #solarenergy #solarpv #solar https://t.co/qm9FZNsklK
positive,"Given this urgency, FISIPOL International Short Course (FISCO) 2021 will bring the theme ‚ÄúThe Dynamics of New and Renewable Energy in the Global South‚Äù and invite YOU to take part in this one-month course assisted by international experts through various learning methods."
positive,"As the climate crisis is increasingly critical, the push towards new and renewable energy is more urgent than ever. We have been too comfortable with the fossil fuel-based economy, but now, energy transition is the matter of now or never."
positive,"üòï  Missed the first webinar on #Cooking Energy in Displacement Settings ‚Äì Landscaping? You can access the recording on @energypedia. üëâhttps://t.co/4YCayJHUQv
#HumanitarianEnergy #Webinar #CleanCooking #RenewableEnergy"
positive,"Great news‚ùóYesterday, the Austrian parliament past a law #EAG for 100% #renewableenergy by 2030! üéâ
Thanks to @lgewessler &amp; @lukas_hammer
 
üá¶üáπAustria now is a frontrunner of the European #energytransition. A great signal to combat the #ClimateCrisis 

Who will be next?üá©üá™üá®üá≠üá´üá∑üá™üá∏"
positive,"We‚Äôre teaming up with @falckrenewables and BlueFloat Energy to unlock floating wind potential in Scotland. #offshorewind #renewableenergy 

Discover more below üëá
https://t.co/4RZ4r1m4xd"
neutral,"@WolfBaginski Scotland is a net exporter of renewable energy, and none of us have any lived experience of this shiny ‚Äúsun‚Äù thing you mention."
neutral,"In-Depth Seminar: Today's U.S. Electric Power Industry, ISO Markets, Renewable Energy, and Heat Rate/Tolling Transactions https://t.co/aQyolfrEyQ https://t.co/tt1hKdKCfJ"
neutral,"GE Renewable Energy's LM Wind Power Produces 44,444th Blade in India https://t.co/0L1pniDR85 https://t.co/EUdDJLIlVr"
positive,"Renewable energy means you need to deal with stranded energy. Renewable energy is supply driven (fossil is demand driven). That means you need a strategy how to deal with surplus, mining #Bitcoin is a great strategy to make this stranded energy profitable."
positive,"INVESTING IN RENEWABLE ENERGY: Norway is establishing a 10 billion NOK fund (1,1 bill USD) for renewable energy in developing countries. PM Erna Solberg: ‚ÄòTo succeed in reducing greenhouse gas emissions, particularly in Asia, we need to mobilise more commercial capital‚Äô. https://t.co/jKXyzqCcTO"
neutral,2 Stocks to Play the Renewable Energy¬†Boom https://t.co/PRYY76RnTK
neutral,Scientists home in on recipe for entirely renewable energy https://t.co/hfJogMYvTw #watches4nature #ActOnClimate https://t.co/Vm7z4p0GjO
positive,"German govt @BMWi_Bund and industry agree vision for greening chemicals industry

‚ÄúNeed huge amounts of renewable energy at low prices‚Äù as well as #hydrogen &amp; #CCUS say @chemieverband @igbce @BAVChemie

https://t.co/t7FWoPEhFQ https://t.co/MzxcnQY4m8"
positive,"@____________NJ @papa_rosh I really don't think that's true, there are many things that can be changed. From investing into new battery technologies/renewable energy to planting trees and stopping massive deforestation. Yes a lot of things need to stop or slow down but not everything..."
positive,"@bobcat2777 @resonant_theory @NASA ‚ÄúmInAMal EFfecT‚Äù dud shut up I never said that only that only those would help. I said more recycling, renewable energy, less landfills, AND electric cars would help. Clearly science wasn‚Äôt the only thing you‚Äôre ‚Äúgood‚Äù at‚Ä¶"
negative,"@CC_NoThanks @AngelicaOung @isabelleboemeke @emergencyreact @guardian World resources are finite. The known Uranium resources will last only about 70 years. Then the generation of our children will have a pile of toxic nuclear waste and still no renewable energy.
https://t.co/0PoKyoFLNA"
negative,CICERO Green rates its first fund: US Capital Royal Eagle Green Energy Income Fund focusing on renewable energy in Latin America is rated Dark Green @FranckeLund @CSClapp @KristinaAlnes @3kristin3 @PHoltedahl @khalfsen https://t.co/VcuiDm8Sd0 #greenbonds
positive,"@MariaCarmo369 @DHL_NLexpress @WorldMobileTeam @IOHK_Charles @InputOutputHK @MyDickle @MrTelecoms @OeverPiet @EyeOfTheKing1 @benjay011 Hi Maria,

Thank you soo much for being you.
I admire your hard work &amp; dedication to CARDS &amp; to bringing cardano to the next level

We are creating a distribution framework throughout Africa that will allow the most vulnerable people access to renewable energy. More to come soon"
negative,@resonant_theory @NASA Renewable energy. Recycling. Less landfills.
positive,"@BertelSchmitt @GreenCarReports Before you have driven 78,700 miles the energy mix will already have changed a bit. I don't get the obsession about what is cleaner anyway. It makes sense to shift towards BEVs as the energy mix transitions to renewable energy sources. BEV will win in the end."
neutral,"Wind farm Nieuwe Hemweg opens https://t.co/fd5eqdoApG

#Vattenfall #windpower #renewableenergy #Sustainability https://t.co/MBo1OKmO5X"
positive,"German govt @BMWi_Bund and industry agree vision for greening chemicals industry

‚ÄúNeed huge amounts of renewable energy at low prices‚Äù as well as #hydrogen &amp; #CCUS say @chemieverband @igbce @BAVChemie

https://t.co/t7FWoPEhFQ https://t.co/IFrLJ2uuLN"
positive,Great news from @dagiulstein @NorwayMFA:a new climate investment fund #klimafond is established. It will allocate NOK 10 billion over a period of five years to invest in renewable energy in developing countries with the aim of reducing greenhouse gas emissions. From FF to RES ‚òÄÔ∏è https://t.co/Js3B9B5W98
positive,I'm fairly sure that it has never happened that a closed nuclear plant was replaced by renewable energy
positive,"The need for high technology for precision medicine and sustainable, renewable energy is growing. To achieve a healthier and more sustainable society, we need to strengthen research resources and infrastructure. But how do we do this in the best way?

https://t.co/vniV72zFew https://t.co/38BIRLCp4y"
neutral,"Open Market Consultation - register now! 
#Innovation #renewableenergy #Project 

#EENCanHelp https://t.co/yyaxwmyAPq"
positive,"@LeviCurrie @EfflamMercier Ahoy! Sail cargo vessels can't compete in price or speed with conventional ships. Instead, they offer 100% emission free sailing using the wind - a free and renewable energy source. The way to reduce shipping emissions is to ship less, and only ship using low emission vessels ‚õµÔ∏è"
negative,"It may be too late to cut emmisions, ban plastic, turn to renewable energy sources, stop killing creatures and plants more than we need to survive. It also may not be too late to act. https://t.co/j7d0L71JzA https://t.co/et3zq1vsmS"
neutral,"#renewable #energy r√ºckt immer mehr ins Rampenlicht, sowohl bei #investors als auch in der Bev√∂lkerung. 
Weltmarktf√ºhrer f√ºr Solar ist @JinkoSolarCoLtd @JinkosolarUS 
#Trader #SOLAR #solarpower #solarenergy #stocks #StocksToWatch 

https://t.co/WTRjeBk8IH"
positive,"Solar cells and wind turbines provide clean and #renewable energy, but create new challenges in the power grid ‚ö° Statkraft is testing technology to help prevent blackouts in the UK and Ireland. Let our experts explain! üí° #gridstability #energytransition https://t.co/bKxBmjlcUz"
neutral,Just posted a photo @ Nordisk Folkecenter https://t.co/HS1wh84HgI
positive,"@antonioatanasv @casperj33081634 Different view

https://t.co/1MtrJkvSGm

- No plans to stop the 4 existing plants: they can run as long as they're safe
- time needed to bridge the gap towards more energie efficiency and renewable energy sources
- Rising prices make continuation of the nuclear plants more likely"
positive,"@Mariuss_77 @AlecStapp yeah this is quite bullish indeed:
- No plans to stop the 4 existing plants: they can run as long as they're safe
- time needed to bridge the gap towards more energie efficiency and renewable energy sources
- Rising prices make continuation of the nuclear plants more likely"
neutral,"#InvestierenInIndien

#WusstenSieSchon: #NewIndia  hat den weltweit gr√∂√üten Ausbauplan f√ºr erneuerbare Energien!
Hier mehr √ºber den Sektor erfahren: 

https://t.co/MgI299Cl9I

#InvestIndia #RenewableEnergy https://t.co/NdDn4sBYqZ"
positive,"üöß Construction of the first #solar‚òÄÔ∏è project in #Mozambiqueüá≤üáø combined with an industrial-scale battery #energy storage system has started!üîã‚ö° üëâ https://t.co/qP0xt0mVZK  via @energystoragenw 

#Mozambique #Solar #RenewableEnergy https://t.co/gfcxPu2k6y"
negative,"The UK government plans to ""force"" UK citizens to pay a much to expensive pricetag for meeting the #ParisAgreement.

Instead of nuclear - go for #renewableenergy. It is a cheaper and faster solution. 

@financialtimes @ProfStrachan @janrosenow @MLiebreich
https://t.co/8SKDruo8lm"
positive,"We are happy to announce that @GErenewables has awarded Global Wind Service with the installation and completion of 38 cypress turbines across multiple sites in #lithuania.

Follow the link to read more https://t.co/2RQCucdzQo

#renewableenergy #windenergy #onshorewind https://t.co/ObiVQ9pWrx"
neutral,"It can't stress it enough: #solarpower is the cheapest source of #energy while producing ‚ú® #zeroemissions‚ú®

Government subsidies of #FossilFuels must finally be dropped so we can reach 100% #RenewableEnergy globally to limit the #climatecrisis ‚ùóÔ∏è

https://t.co/p4iwwzKqyS"
neutral,Just posted a photo @ Nordisk Folkecenter https://t.co/hcH8NShPv1
positive,"The @EU_Commission should incentivise charging infrastructure for #ElectricVehicles and EV's in general. Not further force biofuels into the mix.

We need a global end date for many types of biofuels!
#sustainabletransport #electrification #RenewableEnergy https://t.co/hqRI7uGd2S"
positive,"Solar energy is the fastest-growing power source in the world and an important part of our journey towards fossil freedom. https://t.co/N72HBSB6I1

#Vattenfall #solarpower #renewableenergy #Sustainability https://t.co/m83NIorpbL"
positive,"happy to announce that our new paper on renewable energy storage has been published. The study focuses on geological potential assessment for 3 storage technologies, consistent technology comparison in terms of capacity and rate https://t.co/nnAl3CYAht"
positive,"Congratulations to Jonas Pfau on the successful presentation of his MSc Thesis on ""Compound Atmospheric Events Leading to Low Renewable Energy Supply""! We wish you all the best for your future career!üçÄ@CENunihh https://t.co/o5FNZYwuCg"
neutral,Reading: Renewable Energy in the Nordics 2021 https://t.co/6Hu4fnlt3A by @NordenEN
positive,"If somehow transportation can be opted for #renewable #energy then perhaps the GHG emission for renting #clothes might change. Maybe in a perfect scenario such renting service could only be available locally. 

https://t.co/2xEfrz0JOl"
negative,The Morrison government wants to bail out coal-fired generators. Guess who‚Äôll pay?  This is a desperate quick fix to try to rescue power station owners from an onslaught of renewable energy they should have seen coming.  https://t.co/671UGNm82g
neutral,"""A renewable energy source that can be used at short notice for all sectors:"" demand for biomethane on the rise ‚Äì German Energy Agency @dena_news 

https://t.co/8QCWhFPhug
#biogas https://t.co/i3EV4sSPK9"
positive,"@Philsophrjunkie @WholesomeMeme you've already gotten some great answers, but we're carbon negative and produce twice more renewable energy than needed to power your searches!"
neutral,"https://t.co/MbwoCtmFlI $MINEST.ST

#tidalenergy #tidal #oceancurrents #currentpower #renewables #renewableenergy #cleanenergy #cleantech #greentech #fintwit #fintwitter #finanstwitter #pratapengar #energy #offshore
#sustainability #fridaysforfuture #ClimateCrisis #ClimateAction https://t.co/G0LxGiUY7K"
positive,"The next UN OC is centred on science, innovation, solutions and partnerships. With science as the flagship, powered by the renewable energy of innovation and partnerships, I am confident the solutions the conference seeks will emerge. #HLPF21ocean #HLPF2021"
neutral,@RileysNFTs Sign me up! Looks like they use renewable energy too.
positive,@fbeirao Looks like positive investment conditions for renewable energy generation plants. Build more PV and wind power to be connected to the grid to get wholesale prices down again.
positive,"Join us tomorrow at #VEF2021 on the importance of strengthening the national renewable energy industries and markets in #Kenya and #Uganda Download our latest publication https://t.co/QkPTBrSIwd 

Sign up https://t.co/ErjGALj4sJ 10.30 -11.30 CEST
#renewableenergy #SDG7  #dkaid https://t.co/KlZnCHYSao"
neutral,"https://t.co/zShxcZmRXe $STW.ST

#offshorewind #floatingwind #windpower #renewables #renewableenergy #cleanenergy #cleantech #greentech #fintwit #fintwitter #finanstwitter #pratapengar #energy #windenergy #renewable #offshorewindenergy #offshore
#sustainability #fridaysforfuture https://t.co/pcWmUOWgax"
neutral,"Ikea Foundation and Rockefeller Foundation‚Äôs billion-dollar offering to de-risk renewable energy funding via https://t.co/vCtJci8TsG

https://t.co/Sbqrv7LKUn"
positive,"‚è∞ TOMORROW, 7 July! üîä Join us and learn more about the actors involved in #humanitarian cooking landscape! @giz_gmbh, @UNITAR, @UKMECS, @WFP, @Refugees, @acelesotho, @cleancooking
 üëâhttps://t.co/4YCayJHUQv
#HumanitarianEnergy #Webinar #CleanCooking #RenewableEnergy https://t.co/ARDpu5aPYS"
positive,"AsiaBriefing: #India has witnessed one of the fastest growth rates in #renewables of all the major economies with an ambitious target of #producing 450 gigawatts of #RenewableEnergy by 2030.

Discover opportunities in India's #cleantech #start-up ecosyst‚Ä¶ https://t.co/lMP0kgELO1"
positive,"Benefits of #microgrids are portability, autonomy, providing electricity to remote areas, tackling main grid failures and blackouts, stabilizing the main grid, or mining bitcoin away from prying eyes of the Govs. 

#decentralizeEverything #hydropower #cleanenergy #renewableenergy"
neutral,"""A renewable energy source that can be used at short notice for all sectors:"" demand for biomethane on the rise ‚Äì German Energy Agency @dena_news 

https://t.co/8QCWhFxGCI
#biogas https://t.co/yZNtz7xxg0"
neutral,"HE Hafsa Al Ulama discussed present and upcoming collaboration projects in the area of #renewableenergy and #hydrogen and the implications of #energytransition with Dr. Christian Bruch, CEO of @Siemens_Energy. @MoFAICUAE https://t.co/94TYiFE5wj"
neutral,"China just launched one of the world's largest #hydropower plants as the country pursues a greener agenda. 

#baihetan #renewableenergy #sustainability 

https://t.co/1qwghoLOT1"
positive,"This shows once again how XRP most supports the green economy and renewable energy.

$XRP has no competitors and consumes almost no energy.

The goal is to be CO2 neutral by 2030, you make friends with that #XRP https://t.co/z3nEjAPYde"
positive,"Examples like this show that the global #EnergyTransition is feasible and is happening alreadyüí™

Political will to create strong policies is what's needed to achieve the necessary üíØ% #RenewableEnergy worldwide!

#solarenergy #renewables #PV https://t.co/u63bFcG47m"
positive,Equinix is committed to reaching our goal of 100% clean and #renewableenergy across our global portfolio by 2025 for existing sites and by 2030 for future sites and acquisitions. Learn more: https://t.co/a0C43Oeios #FutureFirst https://t.co/YnxU0UpvJp
positive,Equinix is committed to reaching our goal of 100% clean and #renewableenergy across our global portfolio by 2025 for existing sites and by 2030 for future sites and acquisitions. Learn more: https://t.co/S4ghlyifY9 #FutureFirst https://t.co/aJ2kxxmZ1m
positive,Equinix is committed to reaching our goal of 100% clean and #renewableenergy across our global portfolio by 2025 for existing sites and by 2030 for future sites and acquisitions. Learn more: https://t.co/emE5ImRIC4 #FutureFirst https://t.co/8tBvjisXs2
neutral,"ü§î How to update your profile on Energypedia? Read it in our June newsletter hereüí• üëâ  https://t.co/WERgoBAh1X 
#Newsletter #Energypedia #renewableenergy"
negative,"üåç@DataCentreWorld Virtual event: 7-8 July ‚Äì 9:00-17:00 BST

üìù Largest digital gathering of data center expertise in the world

Key themes
üî∏  Climate neutrality
üî∏  Net-zero goal
üî∏  Sustainability of renewable energy storage

üëâ Register at: https://t.co/C1il9mmpW3"
positive,"Some of the first #offhorewind turbines are placed by Copenhagen. You see #Middelgrunden flying to Denmark.

Being from 2001 they needed to be removed. Now the Copenhagen Utility is working on a 30 year lifetime expansion.
#renewableenergy #dkgreen #kbhpol
https://t.co/sD4OclTKTE https://t.co/cOzNeWzkRU"
neutral,"RT zeitung_energie ""Papierhersteller setzt auf erneuerbare Energien: Koehler Renewable Energy hat vier Laufwasserkraftwerke in den schottischen Highlands vollst√§ndig in Betrieb genommen. Die deutsche Mutter braucht den Strom zur Papierherstellung. Di‚Ä¶ https://t.co/KNn7LDmcom"""
neutral,"Germany, Netherlands, and Denmark are building an island that will provide renewable energy to 80 million people. 

#ClimateAction $KMD $ARRR $VRSC $RFOX $MCL $QTUM $BTC $ETH $XRP $USDT $ZEC $ETC $VET $NEO $BCH $ATOM $XEM $EGLD $RVC $DOGE $RVN $DOT $DCR $BTG $BAT $WAVES $DGB $UNI https://t.co/eh2JLFP9V9"
positive,"In this interesting Q&amp;A, Luca Pedretti from Pexapark, sits down with Marion Calcine, Chief Investment Officer ‚Äì Infrastructure for Ardian, to discuss the changing trends for renewable energy PPAs. üíö

üëâüèº https://t.co/zUZ3Tjo2uj üëàüèº https://t.co/PUNkFw3xRw"
positive,Proud to see @Oracle committed to building a more sustainable future. Pledging 100% renewable energy use for operations by 2025. #Sustainability https://t.co/ECwM9hq9r2
neutral,"üåä#OffshoreCoalition #OCEaN public statement: The expansion of offshore renewable energy and simultaneous protection of marine ecosystems is necessary and possible! üëâ
https://t.co/lxnRlvfd6z https://t.co/UGqTYICN3j"
neutral,Papierhersteller setzt auf erneuerbare Energien: Koehler Renewable Energy hat vier Laufwasserkraftwerke in den schottischen Highlands vollst√§ndig in Betrieb genommen. Die deutsche Mutter braucht den Strom zur Papierherstellung. Die Kraftwerke sind Teil‚Ä¶ https://t.co/h0VMeiDnBq
neutral,Papierhersteller setzt auf erneuerbare Energien: Koehler Renewable Energy hat vier Laufwasserkraftwerke in den schottischen Highlands vollst√§ndig in Betrieb genommen. Die deutsche Mutter braucht den Strom zur‚Ä¶ https://t.co/7olFPCahJZ #energiemarkt #energie #EnergieEuropa
positive,"@ElaurantScott Well, I beg to disagree - and many with me I am sure. Excess energy from wind and solar will go to green hydrogen rather than being wasted. And Btw - BEV:s are not clean unless you run on renewable energy!"
positive,The recently announced cooperation between #EEX and @Pexapark focuses on the promotion of traded instruments as an instrument to hedge price risk in a renewable energy asset and to enable the transition from feed-in tariffs to subsidy free power markets. https://t.co/j483dQUurY https://t.co/MoBa6aQ0Hj
neutral,"OCEaN Public Statement
""The expansion of offshore #renewableenergy and simultaneous protection of marine ecosystems is necessary and possible""

#windpower #offshorewin
@50Hertzcom @Amprion @BirdLife_News @eliacorporate @WWFEU @NatuurenMilieu @therealCAN_U
https://t.co/Jsr0AhE3xD https://t.co/6kV2NLoYkx"
positive,"With the costs of renewable energy on the decline (solar ‚¨áÔ∏è 90 % in a decade), I‚Äôm excited to see what the future holds https://t.co/TUZLViZ1Kv"
positive,10 Best Renewable Energy Stocks to Buy According to Hedge¬†Funds https://t.co/QwptbwEMTz
neutral,"Electricity from Renewable Energy Sources is Now Cheaper than Ever
https://t.co/z0gbXuIN5Q https://t.co/LhMt8qbSWQ"
negative,"today, especially on climate &amp; renewable energy twitter, it merely resembles a looker-room, where everyone with an opinion just yells over each other and who yells the loudest, shows the most dramatic pictures, or lulls about the most irrational tech-fantasies gets the likes."
neutral,Porsche calls on its suppliers to use 100% renewable energy to manufacture its components #tesla #eCar https://t.co/iKNHswyc7e
positive,"Germany's pretty ambitious about switching to renewable energy, apparently. With enough schwing, they might get it done before Chuggaaconroy finally starts his BW2 let's play."
negative,"I hope our government doesn‚Äôt get to see this, or the few remaining forests that can now be seen will soon be renewable energy. https://t.co/4GYBLUVnjf"
neutral,@Stocktwits Profitability and further development of renewable energy! Net benefit for EVERYONE!
neutral,How To Rip People Off and Make Millions With a Scam EV Startup https://t.co/kms7PTy24a #renewableenergy
neutral,"""Porsche¬†has called for its around 1,300 series suppliers to use renewable energy while manufacturing components for the sports carmaker, as of July.""

@WeDontHaveTime
@ArnoldSCI
@Schwarzenegger
@PorscheNewsroom
@PorscheRetail
@AssaadRazzouk
https://t.co/DfuxNAKWf6"
positive,"Do you know how connected the plastic and #FossilFuel industries are? In the face of a #RenewableEnergy boom, companies are turning to single-use plastic to keep profits up. We investigate in a new webspecial: üïµÔ∏è https://t.co/tMqQUT6LSO"
negative,"Green Certificates are issued by China National Renewable Energy Information Management Center. 

Its vice director said in the news: 'Green Certificate will become good instrument for enterprise and individual's green consumption' 
https://t.co/CY7gJkLHnd"
negative,"Bulk VP, Rob Elder, and other industry experts speak on #datacenters &amp; #renewableenergy Thursday 8 July at 10.00 GMT. This talk will discuss the 3 different options that can lead to a renewable energy future for data centers: https://t.co/uzKhwe5MhC #BulkDataCenters @DigInfra2025 https://t.co/ozDl3RCw4z"
positive,"‚ö†Ô∏è Critical news: If #fossilgas makes the projected comeback, global #climate goals will be missed, says @IEA‚ùóÔ∏èAnd that means something.

Only strong policies &amp; legislation for 100% #RenewableEnergy can stop this trajectory! 

#EnergyTransition

https://t.co/3awWFRTzYQ"
positive,"üëâOGEL Law Journal special Reviewing the #Energy Sector in #Ghana
https://t.co/nFwQ7CWggf
#Oil #Gas #Petroleum #Offshore #Hydrocarbons #Taxation #RevenueManagement #Risk #RenewableEnergy #PowerSector"
positive,"What if you could see online how much &amp; where #RenewableEnergy is being used in your community? ‚òÄÔ∏èüí® EnergieMonitor is a #technology helping municipalities &amp; their residents do just that: https://t.co/IzCA8xQ8du
#sustainability #innovation @AvaconAG @Lechwerke @Bayernwerk"
positive,"""Indonesia's state-owned Pertamina is looking to renewable energy sources such as hydrogen to meet its target of adding 10GW of clean energy power generation capacity by 2026.""

https://t.co/V26WdqhjrZ"
neutral,@macadamia_man @flexibledragnet @HyundaiAus Charge at night on 100% renewable energy. Still works out.
negative,"@mrkswrrn @JasonOverstreet The ""leftists"" you're thinking this is a dunk on are the people saying climate change is real and fossil fuels need to be replaced with renewable energy, yes? How is ""fossil fuel is bad even when self-described leftists use them"" a dunk on that?"
positive,"South Korea will invest $600 million in #Africa‚Äôs vibrant #renewableenergy sector. Seoul will make its investments alongside the @AfDB_Group. Find more details here: https://t.co/XSkKnV2w7m

#energyaccess #SDG7"
positive,"TODAY: Make sure to join Viviana Ciancibello (EEX) &amp; Werner Trabesinger (@Pexapark), at the webinar ‚ÄúPower Futures as Hedging Tools for Renewable Energy Operators"" which is part of the cooperation between Pexapark and EEX. 
Register here: https://t.co/tnbqar3foA https://t.co/QR7Mx0uwTI"
neutral,üåà üåü Renewable Energyüåü üåà https://t.co/MxOzHfCfgA
positive,#Wisconsin's glory shall be rebuilt for opening world's first hydroelectric power plant. #PalpatineTrump's stormtrooper sinful @ScottWalker attacked #RenewableEnergy gave @Wisconn_Valley corporate welfare. @TomBrady fears #Multiverse #Jedi @AaronRodgers12üòÜhttps://t.co/GlWEp47hng https://t.co/O4tjqa9gL2
neutral,How To Rip People Off and Make Millions With a Scam EV Startup #RenewableEnergy #climatechange #startup via https://t.co/B2dOvBHk3D https://t.co/H4citj5lTx
positive,"@QuincyChillBro Use ""renewable"" energy for no reason.. Jk, solving a real world problem would be great! üëçüèª"
positive,It‚Äôs a pleasure to announce that I have joined Hamburg‚Äôs renewable energy boutique law firm Reuther Rieche as a Partner - with joint efforts for a clean future! https://t.co/zBB6E2s4iN
positive,@JRNYcrypto Please check out https://t.co/2vXsiKj5pD ( $SLW  ) ITS REALLY SOLVING BTC MINING PROBLEMS WITH CLEAN/RENEWABLE ENERGY. ITS IN TOP GAINERS LIST IN PAST 2 DAYS IN CMC @solarwindtoken
positive,@JRNYcrypto Please check out https://t.co/2vXsiKj5pD ( $SLW  ) ITS REALLY SOLVING BTC MINING PROBLEMS WITH CLEAN/RENEWABLE ENERGY. ITS IN TOP GAINERS LIST IN PAST 2 DAYS IN CMC @solarwindtoken
neutral,"@Dee_2021_Me @nickystevo &lt;Enters the anti-nuclear, feminist, decolonist, organic food, collaborative commons, renewable energy and climate science secular community&gt;: Oh, here you are! https://t.co/HgLnpu8GpN"
negative,"Done my test. Now focus on renewable energy, green bond, and eco park. Shall we ü•∞ü•∞"
positive,"PV was the largest electricity source in Germany in June. Awesome!
#renewableenergy #solarenergy #solar #solarpower 
https://t.co/knwhvD8Kou"
positive,"@BLeeForCongress @ToplessTopics It can be, depending on reason. Adding lot's of renewable energy and discontinuing fossile will put the grid in a new situation."
positive,@phil_geiger We heard such arguments before:1. the Internet will use all the energy on the planet. 2.when cities grow further with horse carriages streets will be covered with 2 meters of horse manure‚Ä¶if there are not massive new renewable energy sources Bitcoin will not due to supply-demand
positive,"The RIGHT 3 places to start
-hold the rich accountable
-remove the need for fossil fuel and focus on renewable energy sources
-destroy big oil https://t.co/ak4QjGWN5r"
negative,@USWeatherExpert @Teleonomic Renewable energy is not making the grid less reliable or capable. A slow switch to renewable has made it less reliable and capable.
neutral,"Electric Vehicle (EV) Charging Stations in 93702 (Fresno, CA) #RenewableEnergy via https://t.co/B2dOvBHk3D https://t.co/w6ObOYFGAY"
positive,"@smigel_david @Samizdat24 @infinite_me @Noahpinion Rare earth minerals are as you can see produced in a number of fairly well developed countries. I don't think ""slave labor"" is a real thing other than propaganda from renewable energy haters. https://t.co/wzs3P20Wei"
positive,"Much of this electricity still comes from fossil. We need to 1: accelerate our transition to renewable energy sources if we want to continue conditioning our indoor environments, and 2: design better buidlings/cities to reduce the need for active conditioning."
positive,"I don‚Äôt get the ‚Äústill wasted energy‚Äù argument against renewable energy $BTC mining.

Without mining, most of that energy wouldn‚Äôt have been harvested in the first place and thus really wasted..."
positive,@ssbm_zamu @BrTarolg A hundred Euros say that the nuclear energy lobby will sabotage renewable energy innovations left right and center in order to stay on top of the energy market in that case. Which will result in us staying further from the path of eco clean energy
neutral,"The US Is Finally Trying to Unlock the Power of Wave Energy  

Researchers estimate that waves off the coasts of the United States could generate renewable energy equivalent to 64 percent of the country‚Äôs total electricity generation in 2019. 

https://t.co/Ndbj9vCWU1 https://t.co/xjlJclAoBq"
negative,"@vanillatary Capitalism will literally almost poison half of europe before they use renewable energy, smh. If we had socialism it would all be different though dw"
negative,"Renewable energy? Nah let's open a fucking doorway to hell instead
Holy shit https://t.co/6hyr0Nzrdt"
positive,@EUCouncil This is nothing more than symbolic gestures when the only way to save the world would be by regulating corporations to a greater extent and moving over to renewable energy immediately with no unnecessary delays which is what is happening right now.
positive,"2/ Philip Hughes‚Äôs family have farmed land in the UK for generations, but now Philip is using powerful computers powered by renewable energy to generate new #cryptos. Currently he‚Äôs mining $ETH, but who knows what the future holds! üë®‚Äçüöí #Ethereum #cryptomining #cryptowisser https://t.co/TCaTNHgUks"
negative,"Also, stating the obvious...

even if it were possible to track the source of energy behind Bitcoin (it isn't, because that's the effing point of Bitcoin)...

and even if mining were 100% renewable energy...

it's waste, consuming renewable energy we need to replace fossils."
neutral,"""The report finds that the majority of global coal operations could be replaced by renewable energy with an immediate cost saving.""
https://t.co/94Z0gCHzhW"
positive,"""Making #SolarPanels more efficiently and using much less water is part of greening the cloud‚Ä¶ #MachineLearning #Malware #PC #Privacy #RenewableEnergy #SolarEnergy #Technology #Windows10 #Windows11 #Windows7 https://t.co/n6Q127NEnA"
neutral,The weekend read: Probes confront EU renewable energy market barriers: The European Commission‚Äôs antitrust investigation into EPEX Spot has revealed barriers for the integration of renewables in wholesale power markets.‚Ä¶ https://t.co/IFSohIcOT1 #solarenergy #solarpv #solar https://t.co/DZcqkQLGrs
neutral,"No matter how advance we are in renewable energy, we will use fossils fuel until the capitalist decided it‚Äôs not profitable anymore. https://t.co/JlNVbsGfUg"
negative,I would say we are killing the earth but the truth is that the earth will keep on living for millions of years. The only ones we are killing is ourselves along with any species with bring down with us... but yeah. Oil is apparently cheaper than renewable energy. https://t.co/IUW4msH6Ff
neutral,why‚Äôre isn‚Äôt the world using renewable energy at this point https://t.co/LLg7lALSeH
neutral,"Portfolio √úbersicht f√ºr heute
#greentech #investment https://t.co/DwQUWBFS6Z"
positive,"Trotz starker #NASDAQ musste das #wikifolio https://t.co/umWjQJ9nms heute 0,78% abgeben. Die deutlichen Verluste bei u.a. #ZINC8 ENERGY, POWERTAP HYDRO und #DAQO NEW ENERGY konnten nicht abgefangen werden. Top Wert heute ist #HEXAGON COMPOSITES"
positive,@RussellOkung @cz_binance Please have a look at https://t.co/2vXsiKj5pD CZ its really not a joke ! I am sure it will be revolutionary in the defi space. It also solves BTC MINING issues with clean / renewable energy üî•üî•üî•üî• @solarwindtoken
negative,"@MartyBent Bitcoin incentivizes cheap and renewable energy usage, this just goes to prove it. Bad framing or not, the numbers speak for themselves"
positive,Important resource addition to an important supplier #renewableenergy #sustainablefuture https://t.co/fviBWEYG8z
positive,"#moniseum One of the goals for Facebook is to rely completely on renewable energy sources for its operations as part of a goal reach zero net emissions by 2030.

https://t.co/QRzC0bIasW - https://t.co/BOO2DWxG8X"
positive,"PM @BorisJohnson highlighted the #NeuConnect project during Chancellor Merkel's UK visit today: '(..) the largest UK-DE investment project (..) making sure #renewableenergy is not wasted and helping both our economies decarbonise more rapidly. 
üëâ https://t.co/hVMZAFd6IS https://t.co/uv5AFzu2Lu"
positive,"#Renewable #energy largely spared from pandemic effects - Eurostat
https://t.co/WaESYl5kMS

OGEL Law Journal Call for Papers: COVID-19 and the #EnergyTransition
https://t.co/ei45UUDSeI"
positive,".@EPFL scientists are generating oxygen from sunlight, water and semiconducting polymers. They present a promising way towards economical and scalable #solarfuel production

https://t.co/ILXgrew5VB

#SemiconductingPolymers #renewableenergy #tech #engineering #fuel #photosynthesis"
neutral,"Keine Besserung in Sicht beim GSCI Rohstoff Index
#Rohstoffe #Preisindex #Inflation https://t.co/PpJdKRkfTX"
neutral,Die #TESLA J√ºnger feiern ihre 200k verkauften Autos in Q2. Ich bin da skeptisch. https://t.co/27vUV0xKQH
neutral,"HEXAGON COMPOSITES ASA seit ein paar Tagen wieder gut behauptet. Den aktuellen Widerstand gilt es nun zu knacken. Mein wikifolio https://t.co/JQlagrChJt h√§lt eine relativ hohe Gewichtung von 4,1% mit einer negativen Performance von 14%. 
#HexagonASA #wikifolio #investment https://t.co/82ZxaULNN4"
neutral,"Ich verkaufe privat jetzt mal ein paar Tech Aktien und sichere die anderen Positionen mit ein paar USTech100 Shorts ab. Das ist doch alles ein Wahnsinn 
#NASDAQ100 #UStech #Aktien"
neutral,@elonmusk 56% of Bitcoin mining uses renewable energy according to the Bitcoin Mining Council. Stop the FUD. https://t.co/6xEm4g7Xho
neutral,"Et perfekt design fra Vaptech.

En nylig levert horisontal Francis turbin.

#ingeni√∏r #engineering #innovation #manufacturing #hydropower #renewableenergy #energy #greenenergy #fornybart #vannkraft #sm√•kraft https://t.co/Eel4rb1Rzj"
negative,"The @EU_Commission is changing the rules for biofuels. @TimmermansEU @vonderleyen please stop burning our forests! Burning trees is bad for nature &amp; often worse for the climate than burning coal! Forests are not 'renewable energy', they are a #climatesolution. #StopFakeRenewables"
negative,"Orkney‚Äôs renewable energy to fuel foreign needs | Climate News Network https://t.co/ZTF57N1Vfq

‚ÄúWhere you have a coastline and some waves, there is an opportunity‚Äù"
neutral,"This chart shows it as simple as it is, you need #renewableenergy, #nuclear and even #NaturalGas to fight #ClimateCrisis.

Two proms to go along with it:

@NAC_Kazatomprom
@GazpromEN https://t.co/KdjsMtqazm"
negative,"Don‚Äôt miss Bulk VP, Rob Elder, along with other industry experts speak on #datacenters and #renewableenergy on July 8, 2021. This talk will discuss the three different options that can lead to a renewable energy future for data centers: https://t.co/uzKhwe5MhC @DigInfra2025 https://t.co/Fy5cIxYCTO"
positive,"Tune in to our latest @MontelWeekly #podcast with Mark Copley, CEO, @EFET_Europe - discussing how traders could respond to the European Commission‚Äôs legislative package of renewable energy and EU ETS reforms due later this month: https://t.co/CyVvTj67a4 https://t.co/imhpHeqHb5"
positive,"How will traders respond to the European Commission‚Äôs legislative package of #renewableenergy and EU #ETS reforms due later this month? Listen to a discussion with the CEO of @EFET_Europe on the so-called ‚ÄúFit for 55‚Äù proposals. https://t.co/EKtG5K92iP
#podcast #carbon #Fitfor55 https://t.co/tgdRiiyr3J"
neutral,"@solarpapst @Power_OnlineMag Sustainable &amp; Renewable Energy Development Authority
https://t.co/aZgs6f3wHL 
National Renewable Energy Database https://t.co/u8pYtpoDSI"
positive,"@solarpapst @Power_OnlineMag 100% RENEWABLE ENERGY FOR BANGLADESH
https://t.co/wtpJscVPzR
The roofs for PV. About 8 GW. If you use fertile land for PV, the farmers have to move to the cities, but fertile land is lost through salinization and erosion. These infertile areas are best suited for PV."
negative,"Despite #ClimateGoals set around the world, including increases in #SolarPower and other #RenewableEnergy, the fossil fuel sector is not about to turn its back on hydrocarbons. It has seen a beacon of hope in plastics, an industry to which it already has deep connections. https://t.co/ZTurDFWxnV"
neutral,"""Renewable energy financing conditions in Europe: survey and impact analysis"" https://t.co/27U6akP9lt"
positive,"""Auctions for Renewable Energy Support II ‚Äì First Insights and results of the Horizon2020 project AURES II"" https://t.co/RJepr5YhHh"
neutral,"Everybody is talking about 100% #renewableenergy, but did you know that it‚Äôs really difficult to match production and consumption around the clock? ‚è±Ô∏è Let us explain how Statkraft and industry leaders are shaping the future to achieve greater precision and transparency ‚¨áÔ∏è"
neutral,"Lucid Motors beschleunigt Produktionshochlauf f√ºr seine ersten beiden Elektroautos

https://t.co/feZ4kCwXvT"
positive,"Der Grund f√ºr den Abschlag heute. Langfristig alles weiterhin top aus meiner Sicht.

Meyer Burger sammelt frisches Kapital f√ºr beschleunigtes Wachstum an der B√∂rse ein https://t.co/xkCS4aPq9B"
neutral,"Offshore Wind-to-Hydrogen Sounds A Starting Gun #renewableenergy #wind #windenergy #offshorewind
https://t.co/D2xWFSFcNU"
positive,2021 State of the Sector Report: #RenewableEnergy #Cooperatives involve 200.000 people in clean energy projects but the outlook is poor. More data: https://t.co/X7yfHMnYWH https://t.co/mWeB6tE1wp
positive,"Biomass &amp; Bioenergy refer to all types of energy derived from the conversion of natural, biological sources, available on a renewable basis. Bioenergy is the only renewable energy source capable of providing heating &amp; cooling, electricity &amp;transport fuel. https://t.co/ob3AT6N9ph https://t.co/kY2nGBO3Ur"
negative,"@10mm_404 @bbcworldservice @HenrikStiesdal But did the prices rise because of renewable energy? That graph does not show that. Only high prices, but not why? And don't you want people to use less power?"
positive,"The EU must protect forests, not burn them for energy @vonderleyen 
@TimmermansEU 

But in reality 60% of what we call ‚Äòrenewable energy‚Äô in Europe actually comes from burning biomass ‚ö†Ô∏è

A big amount of it is directly produced by burning forests

You need to
#stopfakerenewables https://t.co/BIkX4SSCoK"
neutral,Herzlichen Dank an @GIZPakistan und @GERinPAK4youth @GermanyinPAK f√ºr eure Unterst√ºtzung @GovtofPakistan in Klimaschutz und in den Renewable energy @DrMFaisal @Steffen_Kudella @SaraIjaz20 https://t.co/OEBNZ3d6G9
positive,"NEW GLOBAL STATUS REPORT: ‚ÄùA good way to accelerate development is to make the uptake of #RenewableEnergy a KPI for every economic activity, every budget &amp; every single purchase‚Äù said @RanaAdibX at the launch.  #GSR2021 @REN21 #SDGs üëáSee report:
https://t.co/49KB1FqPcQ https://t.co/98lOys6emm"
positive,"The president of #Argentina gave a racist speech on TV. Meanwhile @nayibbukele the president of #ElSalvador is talking about using the wasted energy of FUCKING VOLCANOES, to mine the best asset in human history, using  100% renewable energy.
I'm ashamed of being Argentinian. ü§¶‚Äç‚ôÇÔ∏è https://t.co/pPXSziapqS"
neutral,Still amazed as a child by the beauty of the #Sun and its energy to power our lives https://t.co/IwSb49oHHM  #SolarPower #PhotoVoltaic #PV #renewableenergy https://t.co/g7wk1XyYtH
neutral,"ÁîüÂæí„Åï„Çì„Å®„ÅÆ„Éï„É™„Éº„Éà„Éº„ÇØüòä

‰ªäÊó•„ÇÇÁîüÂæí„Åï„Çì„Åã„ÇâÊïô„Åà„Å¶„ÇÇ„Çâ„ÅÑ„Åæ„Åó„Åü„ÄÇ

SDGs = Sustainable Development GoalsÔºàÊåÅÁ∂öÂèØËÉΩ„Å™ÈñãÁô∫ÁõÆÊ®ôÔºâ

„Éâ„Ç§„ÉÑ„ÅØ„ÄÅSDGs„ÅåÈ´ò„ÅÑÂõΩ„Å†„Å≠„Å®Ë®Ä„Çè„Çå„ÄÅÊÅ•„Çí„Åó„ÅÆ„Çì„Åß„ÄÅ„Åù„Çå„Å™„Çì„Åß„Åô„Åã„Å®ËÅû„Åç„Åæ„Åó„Åü

ÁîüÂæí„Åï„Çì„ÄåÁßÅ„ÇÇÁü•„Çâ„Çì„Å≠„Çì„Äç
ÁßÅ„ÄåüòÅüòÅüòÅ„Äç

„ÇΩ„ÉÉ„Ç≥„Éº„ÅßË™ø„Åπ„Åæ„Åó„Åü‚úèÔ∏è"
neutral,"Want to #DoMoreGood? Change your eating habits! #food is key to #SustainableDevelopment as well as #ClimateAction. Want advice on how? Contact us, secretariat@legacy17.org. @stannyoni @eccemarco @scaling4good @ReachScale @Commarglo @JoseLViveroPol https://t.co/LwEnPU82ak"
neutral,"""Global goals for sustainable development:

1. No poverty
2. No hunger
3. Health and wellbeing
4. Universal education
5. Equality
...
etc üòÄ
"" https://t.co/ZLOhUobm2H"
positive,"Penyampaian Bahan Intervensi Pemerintah RI pada High Level Political Forum Economic Social Council (HLPF ECOSOC) on Sustainable Development 2021.

Selengkapnya dapat dilihat  di website SDGs Indonesia https://t.co/AHxXnumqUj https://t.co/dvE2Et96wJ"
positive,"""To turn the tide on deforestation"" is a major and immediate challenge. Great panel at this weeks side event to the High Level Political Forum on sustainable development ! @FAOForestry @BMZ_Bund @MumbaMusondam
@SustDev @itto_sfm #HLPF2021
https://t.co/8pU72ByV9O"
positive,"If you missed the #WMUwebinar on ‚ÄúThe People We Need for the Ocean We Want - Launch of the Report 2021 for the Empowering Women for the UN Decade of Ocean Science for Sustainable Development Programme,‚Äù read more &amp; access the video: https://t.co/BbW0XqedbZ #WMUGOI #WMUOceanAction https://t.co/vghl3HKGTl"
positive,"Sustainable Development Solutions Network (SDSN) has recently announced a new resource, called SDG Action, that offers articles from experts on all aspects of sustainable development and climate action.

https://t.co/LjFbkhbh2B"
neutral,"The Sustainable Development GOALS

https://t.co/ZL5WaVb4tF"
positive,"On 14 July, 1:30-3:00 pm CEST, I will take part in the NL flagship side event ‚ÄòCombatting Child Labour in Global Supply Chains: a Collective Challenge‚Äô at the High Level Political Forum on Sustainable Development.
¬†
Are you interested in joining the event: https://t.co/y9MfFrgDa7 https://t.co/u75iGNdasF"
neutral,"Heute um 13:30 Uhr beim #HLPF2021: Ein Side-Event zum n√§chsten Global Sustainable Development Report (#GSDR), der 2023 erscheinen soll. #SDGs #Agenda2030
https://t.co/oOv8LUOvcn"
positive,Defining ‚Äúsustainable development‚Äù and then setting up the SDG‚Äôs must be one of the best worst things that happened to ‚Äúsustainability‚Äù as a whole. Imo https://t.co/qhJ2E18AVo
neutral,No #Sustainable #Development without an #EnvironmentOfPeace https://t.co/KMoL0d5eZO
positive,'I say diabetes is the best thing that's ever happened to me and it's so true.' Learn more from the Sustainable Development Impact Summit: https://t.co/9QN6wtA2Kj https://t.co/AtzR2nvrbO RT @WEF
positive,"This amazing collaboration between the @akdn, @zrsberlin and the local communities have completed eleven village school buildings in the Mozambique's poor Northern region.
üì∏ Paula Holtz
#GlobalChallenge2021 #architecture #competition #sustainabledevelopment https://t.co/zpTgp60AOu"
positive,"Key terms from @UN briefings on #GRRD || Equitable, amicable settlement, AU-led negotiations, cooperation, good faith, political and socioeconomic importance, political and diplomatic, 2015 Declaration of Principles, 
#Ethiopia #GERD #ItsMyDam #FillTheDam #SustainableDevelopment https://t.co/m0wpFtLYCF"
negative,"Opinion: Climate change is about greed. It's time for big oil to pay us back
https://t.co/fO96JQyRBO

Jeffry Sachs is a professor and director of Center for Sustainable Development at Columbia University and president of United Nations Sustainable Development Solutions Network."
negative,The @UN's #SDGs talk about ending poverty &amp; #SustainableDevelopment whereas the @UN Security Council is meeting to stop #Ethiopia from building the #GERD which is expected to elevate &gt;60 million Ethiopians out of poverty with NO damage on #Egyp/#Sudan! #GERDis4Development @EU @AU
neutral,"To address the fundamentals of environmental problems, consider change on a systemic level.

#sustainability #systemschange #innovation #impactinvesting #sustainabledevelopment #problemsolving #futureofwork #climatechange 

https://t.co/Wy85jBLUAb by @aschultzpenta RT @THNKscho‚Ä¶"
neutral,The üá©üá™ #VNR to be presented at #HLPF2021 and the underlying 2021 German #SustainableDevelopment Strategy list six key areas where #transformation is the way forward to tackle multiple targets and indicators where Germany is off-track @GermanyUN https://t.co/q8RyWj0HGd
positive,"New publication üì∞

With colleagues from @UNEP &amp; @BC3Research, @alexander_tmg on the impacts of #COVID19 on the nexus of #FoodSystems, the #environment and #SustainableDevelopment, and ways governments and international agencies can mitigate impacts.

https://t.co/rqxTFGkAx6"
positive,"FN afholder et ‚ÄôHigh Level Political Forum on the Sustainable Development Goals‚Äô, hvor en r√¶kke FN-medlemslande, bl.a. DK, skal til eksamen i Verdensm√•lene for 2030. Vi kender endnu ikke karakteren ‚Äì men vi ved noget om, hvad der skal til for, at vi n√•r i m√•l i 2030."
positive,@IDPCnet @WHRINetwork You are welcome to join our worldwide network #NSBS2021 for developing a sustainable development on drug policies.  PM for more details.
positive,"üì£  WORKSHOP COMING

üóìÔ∏è: August 4-5, 2021

IAPSS will host a 2-day professional workshop dedicated to exploring potential career paths in sustainability in 3 themes based on the pillars of sustainable development: economic crisis, gender inequality, &amp; climate change.

1/3 https://t.co/rs2WOQEZgp"
negative,"Policy Coherence for Sustainable Development can be illustrated both in its complexity &amp; potential by identifying cross-cutting determinants.
We‚Äôve done that regarding alcohol as obstacle to development &amp; alcohol policy as solutions for #SDGs 
üëâüèΩhttps://t.co/Ss7JiL5jwi

#HLPF2021 https://t.co/Hi8w88Wd2B"
positive,"Take a look at @apoliticalco list of top 17 #GovTech startups working towards sustainable development goals üí°üåç 

https://t.co/xFSsFKUWH2"
neutral,"Watch this video from Gothenburg Centre for Sustainable Development where leader of SSC @KRichardsonC talks about science for achieving sustainable development üåç: https://t.co/kzTDSNoqsx

#Sustainability #SDGs"
neutral,"@MoradnejadAli Sustainable development!!!
ŸÖŸÖŸÜŸàŸÜ üôèüèªüåπüåπüåπüåπ"
negative,"From 0 to 1625 m¬≤ of green space! At a new sustainable development in Zoetermeer (NL) this Sedum roof will provide green views for future residents and protect the underlying roofing materials, doubling the expected life span of the roof. Installation: MASTUM bv #zoetermeer https://t.co/w9O2kRFrP8"
positive,Do you want to understand interactions between the goals? Do you want to work with the invisible whole? The answer is Policy Coherence for Sustainable Development #PCSD It‚Äôs as ‚Äúeasy‚Äù as the Rubik‚Äôs Cube. Many combinations but it develops your mindset &amp; problem solving skills. https://t.co/TqfJiTm3gv
positive,"@trustuscotton Announces @LeviStraussCo and Their Legacy Brands as New Members I NovumPR
https://t.co/Y1IIowDrXw

#fashion #levistrauss #sustainablefashion #sustainabledevelopment #circulareconomy"
neutral,"@nancy_iskander @SoundCloudDev @gmail @SlackHQ *insert rant about low power devices*
*insert rant about sustainable development*"
neutral,D√• var seminariet ‚ÄùWho‚Äôs in charge? - Accountability and the Sustainable Development Goals‚Äù slut. Tack Agenda 2030 Graduate School och @Lundsuni f√∂r en intressant paneldiskussion! #almedalen2021 #agenda2030 #utvpol
positive,"The High Level Political Forum ‚Äì #HLPF21 ‚Äì has got to take integrated view of interacting risks to peace, sustainable development and climate. See  @IISD_SDGs
blog by @SIPRI's @caspar_t, @KarolinaEklow &amp; J√ºrg Staudenmann: https://t.co/93eU1KfFJz"
neutral,"Nu b√∂rjar seminariet ‚ÄùWho‚Äôs in charge? - Accountability and the Sustainable Development Goals‚Äù som arrangeras av Agenda 2030 Graduate School vid @Lundsuni. Medverkar g√∂r bl.a. @AshAllen350, @gabrielwikstrom, @MagdalenaBexell och @DoorenLina. Vi twittrar! #almedalen2021"
negative,"Sustainable development report shows devastating impact of COVID, ahead of ‚Äòcritical‚Äô new phase https://t.co/XE2rDgZygO via @GoalsYearbook"
negative,A few seats remains for our 8 July #WMUwebinar on ‚ÄúThe People We Need for the Ocean We Want - Launch of the Report 2021 for the Empowering Women for the United Nations Decade of Ocean Science for Sustainable Development Programme.‚Äù https://t.co/kNJbcu9wYz #WMUGOI #WMUDecadeAction https://t.co/TxwMOMneRK
neutral,"Libraries and the UN 2030 Agenda: the Role of Libraries in Promoting Sustainable Development, Onlinekonferenz || Termine ‚Äì Bibliotheksportal https://t.co/P7VOY65tLb von Hella Klauser - #Bibliotheksportal #Terminliches"
neutral,"‚ÅâTAKE PART IN OUR SURVEY‚Åâ
Foresight study on the implications of blockchain on development cooperation and financing sustainable development

‚ñ∂ https://t.co/Ok1eaSevkg

#blockchain #foresight #study #digitalization #finance @giz_gmbh @BMZ_Bund https://t.co/PCfdtrfTJB"
neutral,Inclusiveness: a precondition for sustainable development? https://t.co/DUsc9suntX
neutral,"If you missed the @C2G2net #ClimateWeekAP side event on #CO2removal and sustainable development goals with our member @BangabandhuA @Joyashree9, you can watch it here ‚§µ https://t.co/TrhphnIuQf"
neutral,"Dont miss today‚Äôs seminar at #almedalen2021 ‚ÄúWho‚Äôs in charge? ‚Äì Accountability and the Sustainable Development Goals‚Äù arranged by @Agenda2030_LU 
üëâüèº7 July 14.00 CEST
https://t.co/tbEfXtJHQH
Among the panelists:ICLD research dir  @AnaVargasFalla @gabrielwikstrom #sdg #Agenda2030"
positive,"@laque_tess @aurelius_noel Noel, do you think that if 1 person buys very many Tesla cars, that that person contributes to a sustainable development?"
neutral,"Am heutigen Mittwoch findet ab 18:00 Uhr der letzte Vortrag unserer Online-#Ringvorlesung ""Circular Economy and Sustainable Development"" statt. Zu Gast ist Prof. Edgar #Hertwich von der @NTNU. Alle G√§ste sind wie immer herzlich willkommen: https://t.co/uMSNNM2L1E https://t.co/eS5aA1s9mi"
positive,"IFMSA will be present during High-Level Political Forum. 
High-Level Political Forum (#HLPF) is the core platform of the United Nations for follow-up and review of the #2030 Agenda for Sustainable Development. https://t.co/2BkAHbZcqH"
positive,Scholars must be at the table when deep sea mining is discussed - students must be educated in sustainable development and be aware of critical ongoing international negotiations and developments @Natalya_Gallo #HLPF21ocean @SDGbergen @ImpactUN
positive,"Hussein Wario, Director of CRDD, Eastern African organisation in CELEP @CELEP_FP representing CELEP in the High-Level Political Forum (HLPF) on Sustainable Development side event on pastoralism https://t.co/tdnsclbBdB"
positive,"@davitter @rodericogorman ‚ÄúYou see, sustainable development has to take place within planetary and social boundaries...‚Äù"
neutral,"Today the @UN #HLPF2021 kicks off. In this @IISD_SDGs article, SIPRI's @staudenmann, @KarolinaEklow and @caspar_t explore the interactions between #SDG13 and #SDG16 and argue why there can be no sustainable development without an #EnvironmentOfPeace:
https://t.co/E9hKV1RNr3"
positive,üèôÔ∏è What does a city like Singapore do to foster sustainable development? How can the entire region benefit from smart cities? The countdown is on ‚Äî The Future Cities Briefing Singapore which lead to #Expo2020Dubai starts tomorrow. Register to learn more üëâhttps://t.co/7F1CNoHwBw https://t.co/5nHNPRUJuO
positive,"How have civil society organizations contributed to the achievement of Sustainable Development Goal 16 #SDG16? Watch the recording of the #SthlmForum session 'Restrictions on civil society organizations', in partnership with @DCAF_Geneva, to learn more:
https://t.co/ztZvrHzpEb"
neutral,"Amb. Carazo of @CostaRicaONU speaks at the #HLPF2021 about importance of #SDG16 as an enabler or #peace and #democracy in countries &amp;  ""bedrock"" of #SDG achievement. 

Notes that there will be no #SustainableDevelopment  w/o peace and no democracy w/o #women! https://t.co/ZUwHfH9ICw"
neutral,"@koyote999 @aareal @GdWWohnen Bei den Regenbogenfarben in dem von Ihnen geposteten Bild geht es √ºbrigens nicht um das Pr√§sentieren der Flagge der LGBTQ+ Community, sondern um die 17 Sustainable Development Goals, welche jeweils durch eine Farbe dargestellt sind!"
positive,"As an accredited NGO for the UN, we contributed to the position paper for the #HLPF.üìÉ‚úçüèΩ 
This paper highlights urgent actions and possibilities for civil society in achieving each Sustainable Development Goal. üßçüèæ‚Äç‚ôÄÔ∏èüßçüßçüèº‚Äç‚ôÄÔ∏è
Read more about this here: https://t.co/3P23PfBylk https://t.co/BCUoorfRxT"
positive,"In Agenda 2030, trade is highlighted as an engine for inclusive economic growth, poverty reduction and sustainable development. Through deep and comprehensive FTAs, Sweden works with the EU to promote environmental and economic sustainability.  #FreeTradeTuesday"
positive,"Happy birthday #RYCO @RYCOwb! Youth participation in the #WesternBalkans is vital to engage tomorrow‚Äôs decision makers and use their valuable input for reconciliation, democracy, sustainable development and social justice. https://t.co/hhpeDvdy0O"
positive,"ErfgoedNieuws' nieuwste: High-Level Political Forum 2021 (HLPF 2021) .:. Sustainable Development Knowledge Platform https://t.co/fAa2lnGvgG, see more https://t.co/YCv3oAzvkp"
positive,"üá´üáÆhas ranked first in 2021 Sustainable Development Report! @Ulkoministerio @FinlandUN 

PM @MarinSanna states: ‚ÄúWe are proud of our ranking, but we still have a lot to do in order to achieve all of the #SDGs by 2030‚Äù 
 
Read more on the report here üëâ  https://t.co/lz5dTKvpmh"
positive,For the üá∏üá™ #VNR2021 the Swedish government offices opened up for a new way of working on Policy Coherence for Sustainable Development #PCSD. We used #SEI tool SDG Synergies for systemic analyses. Find out about our lessons learned today at #HLPF2021 VNR lab 2. See more below. https://t.co/BQJYsRFsZT
neutral,"Conf.: The Private Side of Transforming our World ‚Äì UN Sustainable Development Goals 2030 and the Role of Private International Law, 9.-11.9. @MPIPRIV https://t.co/hvFhTVQUja"
neutral,Dom't miss our 8 July #WMUwebinar on ‚ÄúThe People We Need for the Ocean We Want - Launch of the Report 2021 for the Empowering Women for the United Nations Decade of Ocean Science for Sustainable Development Programme.‚Äù https://t.co/kNJbcu9wYz #WMUGOI #WMUDecadeAction @IMOHQ https://t.co/oSs9fz4LDh
positive,"üü¢ @PlayGreen7 was a project combing volunteerism with #SustainableDevelopment &amp; sustainable sport events. 

Learn more about the importance of #greensport events with a help of @MaltaFA1900 ‚öΩÔ∏è üì∫‚û°Ô∏è https://t.co/aEL6aSv0RH

#ENGSO was one of the partners in the project. 
#EUsport https://t.co/vAHxAoVWQd"
positive,"Want to share great #impact stories about #climate, #energy &amp; #sustainabledevelopment? Great #internship opportunity with UNEP DTU Partnership at the UN City Copenhagen. Join us! https://t.co/CZKGgZkJa2"
positive,"The wait is over! Today, the 2021 High-level political forum on sustainable development kicks off - at the UN HQ in NYC and all over the world as we continue digitally Covid-safe! Looking forward to all the discussions and connecting with colleagues ü§ì #HLPF2021 #SDG10 #SDG16 https://t.co/gn73rPfw7w"
positive,"Today's random question, do you have a favorite pen?

I do. I got it at a conference, it's made of bamboo and has a little mark of Sustainable Development Goal number 5 on it. It's so good to write with and comfortable to hold, and as a plus I love what it represents."
positive,Supporting sustainable development goals #SDGs read our piece #openaccess . https://t.co/jBWshC5cnw
neutral,"Footprint Justice, Sustainable Development Goals, ‚Ä¶ pfff.  Dat klinkt allemaal ‚Äòver weg‚Äô en ‚Äòingewikkeld‚Äô. Toch is het dichterbij dan je denkt en kunnen we er ‚Äì ook lokaal ‚Äì mee aan de slag. 

Vanavond in het TT Treffen (online) - meld je nog snel aan!

https://t.co/BzFlhHap61"
negative,"AT Switzerland started an article-series on negative consequences of #tobacco on the achievement of the sustainable development goals üëá
@PraeventTabacum 
#SDGs #QuitBigTobacco #turndowntobacco https://t.co/JTGZfq5wjt"
positive,"When people #ReportCorruption, they can create immediate, positive progress toward sustainable development. https://t.co/DGQb3biz2u"
positive,"Hints of Sustainable Development in the Philippines https://t.co/pA4ov88JnP via @YouTube 
A great presentation of her research by @annlmjc 
#GenuineSavings #BeyondGDP @Lunduni_LUSEM"
positive,Fjord City Brings Unique Design to Sustainable Development in Norway https://t.co/gBLGFMKlab
positive,"Another interesting, high-level virtual event tomorrow:

discussing the positive impact that implementation of the WHO #FCTC can play in the achievement of the 2030 #SustainableDevelopment Goals &amp; how it can contribute to a sustainable COVID-19 recovery
üëá 
@FCTCofficial #SDGs https://t.co/K6E4XSasRH"
neutral,"Vi medverkar vid tv√• sp√§nnande seminarier under Almedalsveckan, den 7 juli kl 14.00: ‚ÄùWho‚Äôs in charge? ‚Äì Accountability and the Sustainable Development Goals‚Äù och ‚ÄùHur h√∂gt √§r priset f√∂r en politisk karri√§r?"".

L√§s mer om seminarierna: https://t.co/wbLlICZk3A https://t.co/hJltWGjmZ1"
positive,"In the blog this week we present an exciting new project, PACPATH, which aims at supporting #sustainabledevelopment in the Pacific through #transdisciplinary research and collaboration pathways. Follow the link below to learn more! üåäüå¥üëá (AG) https://t.co/Ni04pHXEEB"
positive,Norway is one of the top 10 countries implementing the 2030 Agenda for #SustainableDevelopment #SDGs #SDG #Sustainability #Globalgoals   Still much to act upon!  ‚Å¶@UNSDGWorld‚Å© ‚Å¶@norwayinindia‚Å© ‚Å¶@InnovasjonNorge‚Å© ‚Å¶@forskningsradet‚Å©  https://t.co/IK3N4NyGUb
positive,"The high-level political forum on #sustainabledevelopment 2021 will be held from 6 to 15 July! Its focus? Sustainable and resilient #recovery from #COVID19.üåéüåçüåè

#SDGs #UN #HLPF 
üëâhttps://t.co/k5PO58l6LJ"
positive,Discover how NS Agro is paving the way to an intelligent enterprise and working to support the sustainable development of agriculture with SAP Business Technology Platform. https://t.co/ZBuiWzuvTw https://t.co/reKYHPUvyP
negative,"@UNEP @FAO Please, recognising them and their needs and long-aged experiences, values, cultures, &amp; then, ensuring equity, justice, identity &amp; self-governance for them is the only way forward to tackle cc, biodiversity loss and sustainable development! Otherwise BAU &amp; crisis will continue!"
positive,very good project and i hope it will be heading to the moon soon! @nnanaz_ @emdeean @elmerckd #Sustainability #sustainable #SustainableDevelopment #sustainableliving #sustainableenergy #ClimateCrisis #climate #ClimateAction #ClimateJustice #GreenEnergy #green https://t.co/ur0YRWlCbP
positive,"#Artificialintelligence at the service of the 17 UN Sustainable Development Goals
by @talan_fr

Read more: https://t.co/pzzSIaEOqj

#AI #IoT #MachineLearning #DL #Digital #DigitalTransformation #Tech #Innovation

cc: @fogorosandrei @craigbrownphd @gigastacey https://t.co/R4KyycruaI"
neutral,@NiallWarry @thegwpfcom @reason ... Aka UN sustainable development aka technocracy. @StopTechnocracy #DefundTheUN
negative,"Pandemic has widened gap between rich and poor nations in meeting sustainable development goals Poor countries are lagging even further behind in their response to environmental and social problems such as climate change, inequality a... https://t.co/NDnstQPSx1 via @UmweltDialog https://t.co/r8fVi9uu7S"
negative,"@meet4impact The article fails to address the question: how would sustainable development goals have progressed without such events? Also, the mega-events aren‚Äôt standalone: they are the culmination of hundreds of smaller preparation events.  The issue is much more complex!"
positive,"We participate with two exciting events during the #Almedalen Week, on 7 July at 14.00. Our panels discuss ""Accountability and the Sustainable Development Goals"" and ""Education beyond textbooks for sustainability"", both seminars are held in English. https://t.co/qSEu3Ug3mW https://t.co/Zti2zuITqY"
positive,"Countries that neglect women‚Äôs health and family planning squander their best chance for sustainable development. -@melindagates, Co-chair of the @gatesfoundation
 #GenerationEquality #ActForEqual https://t.co/3qKzb8htuF"
positive,"Impressing compilation of facts!  #adaptation, disaster risk reduction &amp; #SustainableDevelopment need to be brought together! We will discuss at our #HLPF2021 Special Event #TowardsSustAdapt at July 7 https://t.co/lRDkMnvbhA #SDGs #disasterrelief #ecosystems https://t.co/RgJLSmxjzb"
positive,Proud that Sweden and @Sida contributes to the commitments of #GenerationEquality Forum. We need to accelerate progress towards gender equality if we are to achieve the Sustainable Development Goals. It's time to #ActForEqual! https://t.co/bWn9rjIfSM
positive,Proud that Sweden and @Sida contributes to the commitments of #GenerationEquality Forum. We need to accelerate progress towards gender equality if we are to achieve the Sustainable Development Goals.¬†It's time to¬†#ActForEqual!
neutral,Sweden and @Sida contributes to the commitments of #GenerationEquality Forum. We need to accelerate progress towards gender equality if we are to achieve the Sustainable Development Goals. It's time to #ActForEqual! @SidaCarin  @Sida @_EvaJohansson_ https://t.co/lNjNmL72zQ
positive,"""Our economic system is fundamentally misaligned with the aspiration of sustainable development: it is unfit for the challenges of the 21st century‚Äù #TimRadford  @ClimateNewsDay
Link via @tveitdal

@GretaThunberg
@Fridays4future
@parents4future
@bmoxnes
https://t.co/59uJPkAuS3"
positive,"As a global #CDMO, we have a responsibility that goes beyond just delivering high-quality medical devices. Our goal is to promote more #sustainable development of medical technology and improve the lives of millions of patients worldwide üå± üë™ https://t.co/yid1DT9ISD https://t.co/8vfiTMg1QD"
positive,"Cut poverty and energy use to cool the climate | Climate News Network https://t.co/D1f9hO0MKr

‚ÄúOur economic system is fundamentally misaligned with the aspiration of sustainable development: it is unfit for the challenges of the 21st century‚Äù"
neutral,"#BloMo with HBI board member @breitsprecher, who will give an overview of #blockchain use cases in the development cooperation sector. He will look at key issues, opportunities + risks of #blockchain and discuss the potential for #sustainable development.
https://t.co/31dfy2InvM"
neutral,"Global ranking on the implementation of the Sustainable Development Goals #SDGs:
ü•á #FINLAND üá´üáÆ
ü•à #SWEDEN üá∏üá™ 
ü•â #DENMARK üá©üá∞  

#2030Agenda #Nordic2030 #OurVision2030 @nordenen @Norden2021 

https://t.co/QHS1ulJsVs"
negative,Ensuring all girls finish secondary education could boost GDP by 10% on average over the next decade. On #WorldDayAgainstChildLabourDay we continue to work towards Target 8.7 of the UN Sustainable Development Goals and call for an end to child labour in all its forms by 2021. https://t.co/CijLHfb4IC
