positive,"Great reporting by @Channel4News. Oil companies would gladly burn the planet to ash if it meant a little more green. All oil and gas companies should be nationalised, have their assets liquidated, and use the money to fund green energy. #ClimateCrisis 

https://t.co/wMMW6fJ7DD"
negative,"Â¡Hola, Mexico! A batch of Yutong fully-electric 18m buses will soon be at service in Mexico City! This fleet will arm the local transportation with green energy solutions to speed up its sustainable transformation. Together with Yutong, let's rolling towards a greener future! https://t.co/nx9NH8WTfU"
positive,"Biden has proposed roughly $4 trillion in new spending on infrastructure, green energy, education and social-welfare programs. He also wants to raise taxes on businesses and the wealthy to pay for much of it."
negative,"The leaders of South Korea and the Netherlands agreed during virtual summit talks on July 7 to reinforce partnerships between their countries in the semiconductors industry and green energy field.
https://t.co/egJfKZGsKD"
negative,"Same area, written about in 2017. Wind Farm for green energy. For @washingtonpost reference. https://t.co/X05oxs4NxM"
negative,"Recently, discussions on #Bitcoin's energy efficiency and energy sources have been active.(Renewable? green energy?)"
negative,"COAL MINER BANPU | LOOKS TO GREEN FUTURE 

Thailand's biggest coal producer, Banpu, will no longer start any new coal developments as the company pivots toward green energy, the company CEO says. #greenenergy #carbonneutrality 

https://t.co/ouUH97oxTQ"
positive,"YTL has a series of MID certified products and is the first company in China to develop din rail meters. At the same time, YTL has its own CNAS laboratory, and the calibration accuracy can be internationally recognized.
#Europe #certificate #environment #greenenergy #electricity https://t.co/KwteuJWvhs"
negative,"PUBLIC-PRIVATE FUND | $500 MILLION FOR GREEN ENERGY 

BlackRock will launch a fund aimed at developing infrastructure for the transportation of green energy in emerging markets.
https://t.co/gOg26hupMH"
negative,"BlackRock will launch a $500 million fund aimed at developing infrastructure for the transportation of green energy in emerging markets, including renewable energy, Nikkei has learned.

BlackRock to launch green infrastructure fund in Asia https://t.co/0kOM0YIQ5L"
positive,"YTL metering have AC energy meter but also DC energy meter!
D613001 is a DC Meter with RS 485 communication,40-380DCV, 10(200)A, suitable for EV charger, mini grid and so on.

#evcharger #eurpoe #minigrid #energy #greenenergy #Economics #electricity #metering #energymeter https://t.co/BxLjaukMAg"
positive,"@wppenergycoin 
WPP ENERGY will deploy the most powerful advanced technologies globally assisting second and third world countries to have new
opportunities to address their considerable housing and energy problems.
#wpp #greenenergy #wppenerg 
https://t.co/3h9SPIgeG1"
negative,"@Mister_Ch0c ""whales are accumulating""
""institutions are buying""
""salvadorian kiosk offers payment with BTC""
""wyckoff accumulation phase""
""BTC is 56% green energy, Tesla reintroduction soon""
""we're still in range""

did I miss something?"
negative,"Grateful to Hungarian Consulate-General Shanghai for a chance moderate at the 2021 China-Visegrad 4 Green Energy Conference, a topic central to #EU &amp; #China #OBOR but balancing tech &amp; tradition, development &amp; preservation, culture &amp; politics.

@V4_PRES #V4Connects @lovepuxi https://t.co/NkyyiHDXD3"
positive,@tk_crypt0 Iâ€™ve been talking about transition to focus on investments in green energy by governments and funds such as blackrock and companies of the like of Starbucks and more for two years. As well as in regards to Bitcoin since before Elon Musk in crypto was a thing. But please teach me.
positive,"@wppenergycoin 
Great to know about this project very good project and great team, it is very promising project and am very happy to part of this project!
https://t.co/hGwjknu9kW
#wpp #greenenergy #wppenergy"
positive,"@Networker_365 Nuclear is the main energy source in Belgium, about 70% of its green energy. The green party @Ecolo is adamant it must go now, thus, new gas plants. Belgium is isolated in the EU as the only country whose energy emissions will go up this decade. Nothing short of ecocide."
neutral,"EV charging piles are already a growth point that cannot be ignored in the global market! 
In the past six months, Yongtailong has been supplying over 200,000 electric meters for supporting charging piles!#evcharge #energymeter #metering #renewable #greenenergy #EV #manufacturer https://t.co/WLm8Yb09gj"
neutral,"@wppenergycoin
 
#WPP has identified and is negotiating with a well established asset backing entity who will be providing security for WPPâ€™s multi billion dollar private corporate bond issue. 
Join now https://t.co/3h9SPIgeG1
#greenenergy #wppenergy"
negative,"@MaxLinke_ @CDU @fdp @Die_Gruenen @spdde look at this thread between me and another person. It convinced me the nuclear energy can be a temporary buffer to allow us to transition to non nuclear green energy

https://t.co/2j2RMo2P8C"
positive,"KRNR â€” Samsung urged to use 100% green energy in South Korea and Vietnam: The world's biggest smartphone maker, by contrast, uses fossil fuels for 82% of its power needs, Greenpeace said. South Korea and Vietnam are pivotalÂ ... View article... https://t.co/BFdf13sP0Y"
positive,"Time to pay a lil ol' visit to a very special toilet in Ulsan ğŸ˜‚
https://t.co/RI2NKr4TMP

#Ggool #SouthKorea #blockchaintechnology  #renewableenergy #cryptocurrency"
neutral,"About the future of renewable energy

https://t.co/86nr1lY6Z2"
neutral,Toyoda Gosei Transitions to Renewable Energy at Three Japanese Locations https://t.co/9cnVtgiAD1
positive,"We need to: 

* Cut taxes on EVs
* Ban sales of gas cars
* Provide free and reliable public transportation and bike lanes 
* Switch to nuclear and renewable energy 
* Ban coal mining and provide a transition scheme for coal miners
* Institute universal basic income"
neutral,Renewable energy in EU-China relations: Policy interdependence and its... https://t.co/Rs4dOD7JDh
neutral,"æ˜¨æ—¥ã¯å¤–éŠ€ã®IBã¨å®šä¾‹ä¼šã ã£ãŸã®ã§ã™ãŒæ¡ˆä»¶ã¯renewable energyä¸€è‰²ã ãã†ã§ã™ã€€

ãƒ¡ã‚¿ãƒ«ç³»ã®æ¡ˆä»¶ãŒãªã„ã®ã¯å¯‚ã—ã„é™ã‚Šã§ã™ãŒäº‹æ¥­ä¼šç¤¾ã®æ–¹å‘æ€§ã«ç´å¾—ã§ã™

å†™çœŸã¯æ±Ÿæˆ¸å‰ãªã‚‰ã§ã¯ã®å¤§ããªã¯ã¾ãã‚Š

ã‚¢ãƒŠã‚´ã®è©°ã‚ã¨ã®ç›¸æ€§ãŒæœ€å¼·ã§ã™ğŸ˜‡ https://t.co/Tk10nFobQp"
positive,@sxcpconan @GryphonMining @BitcoinMagazine @namcios @michael_saylor @elonmusk theyâ€™re also part of the the @energywebx ecosystem and the #cryptoclimateaccord. This is the â€œprotocolâ€ to measure the real time renewable energy ratio of bitcoin miners that @michael_saylor has been talking about. $EWT #greenhashratesolution
neutral,"About the future of renewable energy

https://t.co/86nr1lY6Z2"
positive,The oldest renewable energy facility in the world that's still running managed to avoid being dismantled and became profitable again thanks to Bitcoin mining via /r/Bitcoin https://t.co/kMENHP2ynv
neutral,All Porsche Parts Will Now Be Made with Renewable Energy https://t.co/nAaNpYYP6M @V2education @DepHead_Lyceum @jambledandt @SethiDeClercq @EvoHannan @LennyDutton @Dalai_Alma @DesTechRyan @EdTechMac @soghum @whatifqu3stion @mabycraft @Cfrehlichteach
positive,"sustainable energy resources, of which only a small percentage have been harnessed. only 3% of the continent's solar energypotential has been tapped.
YTL mini grid solution is your best program to enter africa market!
#renewableenergy #energy #solarenergy #renewables #cleanenergy https://t.co/CFXrQGKQ8n"
positive,"New ACORE Report Assesses Growing Confidence for Renewable Energy Finance in the Aftermath of the Pandemic.
See the more details:https://t.co/1AuDWSzGc8"
positive,"News Release â€“ Polish-Japanese Smart Grid Demonstration Project in Poland has been completed
Learn moreğŸ‘‡
https://t.co/QvvzuoVvt0 
#RenewableEnergy #SPS #BESS"
negative,"insane that the earth is screaming ""help pls use renewable energy"" and Jordan's like ""hey look what i got! Ù†ÙØ·!!"" https://t.co/21g4jqSreE"
neutral,"The government aims to boost investment in technologies to tackle climate change such as renewable energy, hydrogen fuel and carbon recycling. https://t.co/W4gPgu2WQ8"
negative,"Remarks by Pres.Moon(@moonriver365) at Korea-Netherlands Summit Held Online

""Both countries build upon innovation and the spirit to take on challenges to jointly pioneer cutting-edge industries, such as semiconductors and renewable energy.""

â–¶Full text : https://t.co/4y7JACgjpR https://t.co/o336czKBCP"
positive,"Ichigo has accelerated its #RE100 target of sourcing 100% renewable electricity by 15 years from 2040 to 2025. As a sustainable infrastructure company, we are dedicated to making the world more sustainable. @theRE100 @ClimateGroup @CDP #renewableenergy 

https://t.co/ow0Ru1kOUg https://t.co/mzSw6bGjNS"
neutral,2 Stocks to Play the Renewable Energy Boom - Yahoo Finance https://t.co/BRKT4HvSqp
negative,"It was a fruitful meeting between the EVP @TimmermansEU and Trade Minister @MyungheeYoo1 on the green transition, developing hydrogen technologies to a just transition from coal to renewable energy. EUğŸ‡ªğŸ‡º and KoreağŸ‡°ğŸ‡· are together in the race to net zero! https://t.co/iIygYAvw9w"
positive,There are also many things we can learn from the Netherlands that is at the forefront of innovative technology and renewable energy fields.
positive,"At the venue, I am going to explain two themes.
&lt;&lt;Outline of Western Sahara issue&gt;&gt;
&lt;&lt;Plundered resources from Western Sahara --phosphate, octopus, tuna, renewable energy and tourism&gt;&gt;
Photographic proofs of plundering have been ready for each cases.
https://t.co/K0Nj6viTCb"
neutral,"ENERGY AND CLIMATE | AMMONIA AS COAL ALTERNATIVE

#Ammonia as fuel: One of the world's biggest fertilizer companies, Norway's #Yara, plans to produce the coal alternative in Australia using renewable energy.

@RHanafusa reports.
https://t.co/KP6hMe0haL"
neutral,"#GoodWe has joined the United Nations Global Compact (#UNGC) as a leading #renewable energy corporation and is determined to abide by the ten principles in #environment, labor, human rights and anti-corruption.
https://t.co/Ns57xOQHfv https://t.co/QhZScs79Zp"
positive,"Glad to share my recent publication (DSPVs under ambient lighting) in Dyes and Pigments ğŸ™‚ 
 
https://t.co/ZSNjrdyPgO

#Research #SOLAR #renewableenergy #journal"
positive,"In his bilateral talks with Environment Minister @mevpr @dudehowru EVP â¦@TimmermansEUâ© exchanged views on concrete actions to deliver shared goals, such as strengthening ETS, developing renewable energy and clean tech necessary for circular economy. https://t.co/kf9APVxGSB"
neutral,"åºƒå³¶ã§æ°´ç´ ç‡ƒæ–™é›»æ± ã®ãƒ‰ãƒ­ãƒ¼ãƒ³é–‹ç™ºã¸ï¼Ÿã„ã„ã­ï¼ä¸­å›½é›»åŠ›ãƒãƒƒãƒˆãƒ¯ãƒ¼ã‚¯ã€ãƒ«ãƒ¼ãƒã‚§ã‚µãƒ¼ãƒ
#renewableenergy
#hydrogen
 https://t.co/zi1sYttDkg"
neutral,Electricity from Renewable Energy Sources is Now Cheaper than Ever https://t.co/JCJPTwz5DL #toonenote
neutral,Porsche calls on its suppliers to use 100% renewable energy to manufacture its components - Electrek https://t.co/eHHESxRYLg #toonenote
neutral,3 Reasons to Invest in Renewable Energy Stocks - Nasdaq https://t.co/VJC3c3A4F9
positive,Why Renewable Energy Stocks Popped in June - The Motley Fool https://t.co/UTPvmJVcUQ
neutral,"International Renewable Energy Agency

ç•¥ã—ã¦IRENAã£ã¦Nã©ã£ã‹ã‚‰ããŸï¼Ÿï¼ŸReã¨Enåˆä½“ã—ã¦REN?
https://t.co/0w5MD2bwEz"
neutral,"å°æ¹¾ã‚¨ãƒãƒ«ã‚®ãƒ¼ä¼æ¥­4ç¤¾ãŒãƒãƒ¼ãƒ çµæˆã€æ´‹ä¸Šé¢¨åŠ›ç™ºé›»
#ClimateAction
#ClimateEmergency
#renewableenergy
#Yahooãƒ‹ãƒ¥ãƒ¼ã‚¹
https://t.co/YMknrXwxf4"
neutral,"Suntory targets to go 100% renewable energy in all its businesses locations in Japan, Europe and US #RenewableEnergy
ã‚µãƒ³ãƒˆãƒªãƒ¼ã€æ—¥ç±³æ¬§ã®å…¨ç”Ÿç”£ç ”ç©¶æ‹ ç‚¹ã§å†ã‚¨ãƒåŒ–ã¸ã€€å†…éƒ¨ç‚­ç´ ä¾¡æ ¼ã‚‚å°å…¥ | ãƒ‹ãƒ¥ãƒ¼ã‚¹ | ç’°å¢ƒãƒ“ã‚¸ãƒã‚¹ã‚ªãƒ³ãƒ©ã‚¤ãƒ³ https://t.co/5u0doGd302"
neutral,"About the future of renewable energy

https://t.co/86nr1lY6Z2"
positive,"@mgubrud @DavidSantoro1 A sponge makes no sense given Chinaâ€™s numbers. This is right next to a city of 165,000, cherished archeological treasures and a 12 billion USD investment in renewable energy technology. It makes no sense."
negative,"BlackRock will launch a $500 million fund aimed at developing infrastructure for the transportation of green energy in emerging markets, including renewable energy, Nikkei has learned.

BlackRock to launch green infrastructure fund in Asia https://t.co/0kOM0YIQ5L"
neutral,"#China has now become a leader in electricity production from #renewableenergy sources, with the world's largest installed capacity of hydro, solar, and wind power.
#infrastructure #China #grid #solarpower https://t.co/ydQeCKCam8"
positive,"Great conversation with Ms. Yun Sun-jin, the co-chairperson of 2050 #CarbonNeutrality Presidential Commission launched this May by the Korean government. Shared Denmark's experience on #RenewableEnergy, especially #OffshoreWind â€“ where Korea has great potential. https://t.co/oyd7oP4yyq"
neutral,@PalmerReport Started to promote renewable energy reforms globally.
positive,"Siemens Gamesa Renewable Energy has developed an offshore wind turbine able to withstand strong winds, aiming to deliver it to typhoon-prone Japan and other parts of Asia.
https://t.co/p90yBNy4Ia"
positive,"In collaboration with @SejongUniKR, designed MXene/MoS2 hybrid #nanostructures for high-performance symmetric supercapacitor and #hydrogen production. #nanotechnology #renewableenergy @Research_NUST https://t.co/6gZXFVtkpI"
positive,"High-power solar panels and high cost performance, feel free to contact me to learn more.yanger02@yanger-power.com . https://t.co/TMyS54leAL
#solar #rooftopsolar #solarpanel #energy #pv #yangerpower #renewableenergy #trinasolar #solarmodule #electricity #pvsolar #monocrystalline https://t.co/Xh9an0VmlS"
neutral,"Oracle to go 100% renewable energy globally by2025 #RenewableEnergy
ã‚ªãƒ©ã‚¯ãƒ«ã€å…¨ä¸–ç•Œã®ã‚ªãƒšãƒ¬ãƒ¼ã‚·ãƒ§ãƒ³ã‚’2025å¹´ã¾ã§ã«å†ã‚¨ãƒåŒ–
https://t.co/E9wjEJZtEL"
neutral,"About the future of renewable energy

https://t.co/86nr1lY6Z2"
positive,"í¬ìŠ¤íŒ…ìš©
2 Renewable Energy Stocks With 20% or More Upside Potential, According to Wall Street @themotleyfool #stocks $ENPH $VLO $PSX $REGI $SEDG https://t.co/2br6SLbo8t"
positive,"Imagine thinking not taxing corps and oil, and not switching to renewable energy is a good thing. What the actual FUCK."
neutral,"About the future of renewable energy

https://t.co/86nr1lY6Z2"
neutral,"Tesla said they wouldn't again accept BTC until energy consumption reached 50% from renewables. Now that BTC uses 56% renewable energy, I wonder if Tesla will soon start accepting BTC again. via /r/Bitcoin https://t.co/X3tApBRPyT"
negative,"RainãŒå¤šã„Japanã§å±±æ—ã®ä¿æ°´åŠ›ã‚’æ¸›ã‚‰ã™è¡Œç‚ºã¯ã€ãã‚‚ãã‚‚é¦¬é¹¿ã’ã¦ã‚‹ã€‚
Japanã¯climateã¨åœ°å½¢çš„ã«renewable energyã¯ã‚ã¾ã‚Šå‘ã„ã¦ãªãã€flat landãŒ30%ã—ã‹ãªã„Japanã«ãƒ¡ã‚¬ã‚½ãƒ¼ãƒ©ãƒ¼ã¯ãªãŠã•ã‚‰å‘ã„ã¦ãªã„ã€‚In reality, ä¸–ç•Œä¸­ã®ãƒ¡ã‚¬ã‚½ãƒ¼ãƒ©ãƒ¼ã¯ã»ã¼flat landãªã¯ãšã€‚ https://t.co/TFMwm9yKBP"
neutral,Developing Integrated Renewable Energy Systems for Ships https://t.co/qj4thQor8x
positive,"Chinese #battery supplier Envision AESC will invest USD 620 mln to build the battery plant, which will run on #renewableenergy and be able to power up to 100,000 Nissan electric vehicles per year. https://t.co/t6ON77Pgd4"
neutral,Developing Integrated Renewable Energy Systems for Ships https://t.co/EeizkyLYJc via @Mar_Ex
neutral,"About the future of renewable energy

https://t.co/86nr1lY6Z2"
neutral,"We got an invitation by The Scotish Development International to participate in a pitch battle in #COP26 in November. Yes, our organic carbon batteries can improve sustainability of battery industry.
 #sustainability #climatechange #environment #innovation #renewableenergy https://t.co/cneD05bqzE"
negative,@tk_crypt0 That article title is sensation. Itâ€™s not sunny all day everydays but there are other types of renewable energy as I mentioned above. Uranium and sea waves are providing constant flow of energy.
neutral,"GSã‚¢ãƒ©ã‚¤ã‚¢ãƒ³ã‚¹ï¼ˆå…µåº«çœŒå·è¥¿å¸‚ï¼‰ï¼†ã‚¨ãƒã‚³ãƒ¼ãƒˆãƒ†ã‚¯ãƒãƒ­ã‚¸ãƒ¼ã‚ºï¼ˆäº¬éƒ½åºœäº¬éƒ½å¸‚ï¼‰â‡’ãƒšãƒ­ãƒ–ã‚¹ã‚«ã‚¤ãƒˆå¤ªé™½é›»æ± 
#renewableenergy
https://t.co/c7WSJpdfEe"
neutral,"Establishment of Cooperation Agreement Regarding Namie Town #Revitalization Plan, Utilizing #Hydrogen for Decarbonization
https://t.co/kyen07Cylh
#RE100 #Renewable #Energy #Construction
@HitachiGlobal"
positive,As a principal partner of @COP26 we're helping to find new ways to make renewable energy accessible. This is why weâ€™ve teamed up with @BigCleanSwitch to help employees switch to #renewableenergy &amp; reduce their carbon footprintâš¡ï¸Read more in @BusinessGreen: https://t.co/jGeUynUyyD
negative,and not the astrogeology huns like. review wines and talk about why renewable energy can't fucking work. talk about how teen shows from the 2000's influenced your music taste. how your taste in food has evolved
positive,"[COLUMN] 10 years in Advance: Japan Already Very Well on Track to Reach its FY 2030 Target for Renewable Energy Electricityï½œRomain Zissler | According to preliminary statistics from the Japanese Ministry of Economy, Trade and Industry... https://t.co/Hug8y40ypX https://t.co/74IHztzIcu"
negative,"Green China - Policy: Chinaâ€™s National Carbon Trading Market is Coming: What to Expect?
#china #greenchina #sustainability #environment #energy #climatechange #renewableenergy #economy #policy #strategiccommunications #publicaffairs #governmentrelations #publicrelations https://t.co/O5IRcwWHV4"
neutral,#RecyclableMaterial #InfinitelyRecyclable #MetalRecyclesForever #Sustainability #Tinplate #Aluminumfoil #Aluminium #CircularEconomy ï¼ƒEveryCanRecycledby2030 #sustainability #climatechange #circulareconomy #energyefficiency #renewableenergy  #innovation #Recycling https://t.co/OgxqlWCJx6
positive,"Thanks to all!
#easypeeloffend #pennyleverend #RFT #RLT #production #line #supplier #chinamade #Metalpackaging #Metpack #canmakers #canmaking #canmaker #tincancompany #easyopen #easyopenend #productionline #climatechange #renewableenergy  #Recycling
#sustainability https://t.co/3cqZN2NPhw"
neutral,"@Tom_Fowdy FYI. Under CPEC, only 30% of investment is targeted to renewable energy generation alternatives such as hydro, solar, and wind power, but the vast majority of planned energy investment will be in traditional coal-fired power plants."
positive,"Chinese President Xi Jinping on Friday stressed efforts to foster the new development paradigm, promote the vitalization of the seed industry and advance ecological and environmental protection as well as sustainable development of the Qinghai-Tibet Plateau. https://t.co/iWo4ijgCHl"
neutral,"SDGsã£ã¦Sustainable Development Goalsã®ç•¥ç§°ã‚ˆãªï¼Ÿãã‚Œã£ã¦æŒç¶šå¯èƒ½ãªé–‹ç™ºç›®æ¨™ã®ã“ã¨ã ã‚ˆã­ï¼Ÿ
17ã®ç›®æ¨™ã®å†…åŠåˆ†ä»¥ä¸Šé–¢ä¿‚ãªã„æ°—ãŒã™ã‚‹ã®ã¯æ°—ã®ã›ã„ï¼Ÿ"
neutral,"@Graila223_VG ãã‚‰ãã†ã ã‚ã­

sustainable development goalsã£ã¦
äººé¡ã‚’å­˜ç¶šã™ã‚‹ãŸã‚ã«ä¸–ç•Œçš„ã«ã‚„ã‚“ãªãã‚ƒã„ã‘ãªã„ã“ã¨ã£ã¦ã“ã¨ãªã‚“ã§ã—ã‚‡ã†ãŒã‚ã¾ã‚Šã«ãã‚Œã„ã”ã¨ã§æ›¸ã„ã¦ã‚‹ã“ã¨ãŒã‚ˆãåˆ†ã‹ã‚‰ãªã„ã‚"
neutral,"å–ã‚Šæ•¢ãˆãšSustainable Development Goalsã£ã¦è¨€ã£ã¨ãã‚ƒè‰¯ã„æ„Ÿã€‚

ç„¡å…è¨±äº‹æ•…ã®æœ¨ä¸‹æ°ãŒæ–°ä¼šæ´¾ã€€éƒ½æ°‘ãƒ•ã‚¡ãƒ¼ã‚¹ãƒˆé™¤åã§â€•éƒ½è­°ä¼šï¼šæ™‚äº‹ãƒ‰ãƒƒãƒˆã‚³ãƒ  https://t.co/KJAKjmifYR @jijicomã‚ˆã‚Š"
neutral,"å¾“æ¥ã®ç’°å¢ƒä¿è­·ã‚„äº‹æ¥­ç¶™ç¶šã®è¦–ç‚¹ã«ã€SDGs(â€»)è¦–ç‚¹ã€ã¨ã€
è€ƒæ…®ã™ã¹ãç‚¹ã¯å¢—ãˆã¦ãã¦ã„ã¾ã™ã­ãˆã€‚
ãã‚Œã«ä¼´ã†æ³•æ•´å‚™ã‚‚ã€‚

â€» Sustainable Development Goals
(æŒç¶šå¯èƒ½ãªé–‹ç™ºç›®æ¨™)"
positive,"The Chairman of the IBEC Board Denis Ivanov, noted: ""We especially appreciate that NDB, which represents the largest developing economies, shares the values â€‹â€‹of sustainable development and socio-economic stability, which lie at the core of the new IBEC development strategy.â€"
positive,"â€œThe Memorandum of Understanding between NDB and IBEC provides a good opportunity to leverage our collaboration, especially when it comes to join our strengths in potential infrastructure and sustainable development projects,â€ said Mr. Marcos Troyjo, NDB President."
neutral,"ã€â€œSDGsæ±äº¬â€ ç«‹ã¡ä¸Šã’ã®æœ¨ä¸‹éƒ½è­°ã€
SDGsã¯ã€ŒSustainable Development Goals æŒç¶šå¯èƒ½ãªé–‹ç™ºç›®æ¨™ã€ã£ã¦æ„å‘³ãªã‚“ã§ã™ãŒã€ŒæŒç¶šå¯èƒ½ãªè­°å“¡ç”Ÿæ´»ã€ã¯çš®è‚‰ãã„ã¦ã¦ã„ã„ã§ã™ã­ï¼ã§ã‚‚æœ¬å½“ã¯SDGsã¯ã€ŒS ã—ã‚Œã£ã¨ D ãƒ‰ãƒ©ã‚¤ãƒ–ã§ Gã‚¬ãƒ„ãƒ³ã¨äº‹æ•…ã—ã¦ S çŸ¥ã‚‰ã‚“ãƒ•ãƒªã€ ã®ç•¥ã ã¨æ€ã„ã¾ã™ï¼ˆç¬‘ï¼‰
https://t.co/3U9E8cqJKw"
positive,Efforts to achieve the current #carbon peak by 2030 achieve #carbonneutrality by 2060 have been widely agreed to promote social #sustainabledevelopment. The realization of carbon summits and carbon neutralization is a wide range of economic and social system changes. https://t.co/jHAT1SWhuF
positive,Herdsmen in NW China's #Xinjiang Uygur Autonomous Region move their livestock to summer pastures. Transferring livestock contributes to the sustainable development of grassland ecology. https://t.co/8Geo8wmQe5
neutral,"@jdog1109_tiger SDGsã€ŒSustainable Development Goalsï¼ˆæŒç¶šå¯èƒ½ãªé–‹ç™ºç›®æ¨™ï¼‰ã€

çŠ¯ç½ªãŒãƒãƒ¬ã¦ã‚‚å±…ç›´ã‚Šã€ãƒ˜ãƒ«ãƒ¡ãƒƒãƒˆã‚’ã‹ã¶ã£ã¦è­°å“¡ç¶™ç¶šå¯èƒ½ã‚’ã²ãŸèµ°ã‚‹åç¤¾ä¼šçš„è­°å“¡ã§ã™ğŸ˜‘ https://t.co/tOLVSeCnmq"
positive,"""DPRK is infamous for being isolated. But, I believe DPRK wants to be recognized as a normal state. For ex., they submitted a UN Sustainable Development Goals national report for the first time a month ago. This shows that DPRK has interest in joining the international society."""
neutral,"æœ¨ä¸‹æ°ãŒæ¨ã—é€²ã‚ã‚‹SDGsã¨ã¯
ã€ŒSustainable Development Giin seikatsuã€
ã®ç•¥ç§°ã¨æ€ã„ã¾ã™ã€‚ https://t.co/ZEz4ZrwW20"
neutral,"&gt;rt

èª°ã§ã‚‚ã€Œã‚„ã£ã¦ã‚‹ã‚ˆã†ãªãƒ•ãƒªã€ãŒå‡ºæ¥ã‚‹ã«åŒæ„ã€‚

SDGs(ã‚¨ã‚¹ãƒ‡ã‚£ãƒ¼ã‚¸ãƒ¼ã‚º)
Sustainable Development Goalsï¼æŒç¶šå¯èƒ½ãªé–‹ç™ºç›®æ¨™

ã¨ã„ã†å˜èªã‚’å··ã§è¦‹ã‹ã‘ã‚‹ã‚ˆã†ã«ãªã£ã¦ã‹ã‚‰ã€ååãŒå‡ºã‚‹ç¨‹å«Œã„ã«ãªã‚Šã¾ã—ãŸã€‚

å«Œã„ãªç†ç”±ã‚’ãƒãƒƒã‚­ãƒªèª¬æ˜ã§ãã‚‹ã‚ˆã†ã€æœ€ä½é™ã¯èª¿ã¹ãªã„ã¨â€¦â€¦ã¨è€ƒãˆã‚‹ä»Šæ—¥ã“ã®é ƒã€‚ https://t.co/UFV13yoUYI"
positive,"As part of a new IMUN initiative to attain a sustainable world, this session will also focus on the United Nations Sustainable Development Goals (UN SDGs) of no poverty, zero hunger and mental health ğŸ¥° along with other issues that are very relevant to the current times (cont)"
neutral,Sustainable Development Goalsã‚„ã£ãŸã‹ãªã€‚å›½é€£ãŒæ±ºã‚ã¨ã‚‹17ã‚„ã£ãŸã‹19ã‚„ã£ãŸã‹ã®é”æˆç›®æ¨™ã®ã‚„ã¤ã€‚
neutral,"ã†ã¾ã„ï¼

éƒ½æ°‘ãƒ•ã‚¡ãƒ¼ã‚¹ãƒˆã®ä¼šã‚’é™¤åã•ã‚Œã¦ã‚‚ã€SDGsæ±äº¬ã€‘ã‚’ç«‹ã¡ä¸Šã’ã€‚
â†’SDGsã¯ã€Sustainable Development Goalsã€ŒæŒç¶šå¯èƒ½ãªé–‹ç™ºç›®æ¨™ã€ã§ã™ã‹ã‚‰ã€é¸æŒ™ä¸­ã®ç„¡å…è¨±ã§ã®äººèº«äº‹æ•…ã§éå…¬è¡¨ã§å½“é¸ã—ã¦ã‚‚ã€è­°å“¡è³‡æ ¼ã¯æŒç¶šå¯èƒ½ï¼

ã¾ã‚‹ã§ã€å†—è«‡ã¿ãŸã„ã ã‘ã©
SDGsãŒã€ã¾ã™ã¾ã™æ€ªã—ãè¦‹ãˆã¦ã—ã¾ã†ã­ã€‚ https://t.co/bMcWfzfOWs"
positive,"Goal 17 Partnerships For The Goals: Strengthen the means of implementation and revitalize the Global Partnership for Sustainable Development 
https://t.co/ALQcWs1NL6

â€œStrengthening multilateralism and global partnerships is more important than ever.â€ https://t.co/kLHfTTIotW"
positive,"â€œRecovery from the crisis and sustainable development must be built on a foundation of peace, stability, respect for human rights, effective governance and the rule of law.â€"
positive,"Goal 16 Peace, Justice And Strong Institutions: Promote peaceful and inclusive societies
for sustainable development, provide access to justice for all and build effective, accountable and inclusive institutions at all levels 
https://t.co/S4g8xBkf7t https://t.co/c4SOuLFHVh"
neutral,"Goal 14 Life Below Water: Conserve and sustainably use the oceans, seas and marine resources for sustainable development 
https://t.co/zHfhfyjXm0 https://t.co/jhK6jHx7UT"
neutral,"NSDAPã«éš ã•ã‚Œã‚‹""Sustainable Development""ã®éƒ¨åˆ†"
neutral,SDGsã¨è¨€ã‚ã‚Œã¦ã„ã‚‹æ´»å‹•ã€ãŸã ã®SGsã«ãªã£ã¦ã„ã‚‹ã‚‚ã®ãŒå¤šã„ã®ã‚ˆã­ã€‚Sustainable Development Goalsã¤ã¾ã‚Šã€ŒæŒç¶šå¯èƒ½ã€ã¨ã„ã†å½¢å®¹è©ã¯ã€Œé–‹ç™ºã€ã«ä¿‚ã£ã¦ã‚‹ã¯ãšãªã‚“ã§ã™ã‚ˆã€‚ãªã®ã«ä»Šã‚ˆãè¦‹ã‹ã‘ã‚‹SDGsã¯ã€ŒæŒç¶šå¯èƒ½ã€ãªã€Œç¤¾ä¼šã€ç¨‹åº¦ã®æ´»å‹•ã—ã‹ã—ã¦ã„ãªã„ã€‚ãã‚Œã‚‚ï¼‘ï¼ï¼å¹´å…ˆãã‚‰ã„ã—ã‹è¦‹ã¦ã„ãªã„è¦–ç‚¹ã®ä½ã•ã€‚
neutral,"The Sustainable Development Goals Report 2021 
https://t.co/IrG7ewfyuz  @UNStats"
positive,"2021 #Qingdao Conference on International #Standardization will be held in Qingdao from July 27 to 28. With the theme of â€œ#Standardization and Sustainable Developmentâ€, it consists of a theme conference, 4 special sessions, and a series of activities.Â #globalshandong https://t.co/k5HU3bACGu"
neutral,@hachi622 Sustainable Development GIINww
neutral,"â€œIn an interview with Vice world News, Zhou Jingfeng explained #China's global #environmentalgovernance and how humans respond to the global #environmentalcrisis. He also answered and explained a number of questions about #sustainabledevelopment.â€ https://t.co/FjyPs9AItU"
neutral,@gerogeroR SDGsæ±äº¬ã®SDGsãŒSustainable Development Goalsã ã¨æ€ã†ã‹ã‚‰é•å’Œæ„ŸãŒã‚ã‚‹ã®ã§ã€ã“ã“ã¯ã¿ã‚“ãªã§ã‚ã„ã†ãˆãŠä½œæ–‡ã‚’ã—ã¦å·®ã—ä¸Šã’ã‚Œã°ã‚ˆã„ã‹ã¨æ€ã„ã¾ã™
negative,"#SGCCinBRI Brazil, Pakistan, Saudi Arabia, the Philippines, Greeceâ€¦Upholding the concept of sustainable development, State Grid is actively participating in the Belt and Road Initiative and supporting other countries in electric power development.  #SGCCinAction https://t.co/YzMXmOuYBp"
neutral,SDLsï¼ˆSustainable Development Licensesï¼æŒç¶šå¯èƒ½ãªé‹è»¢å…è¨±ï¼‰
neutral,"SDGsã¨ã¯ã€ŒSustainable Development Goalsï¼ˆæŒç¶šå¯èƒ½ãªé–‹ç™ºç›®æ¨™ï¼‰ã€ã®ç•¥ç§°ã§ã™ã€‚
äº‹æ•…ã‚’èµ·ã“ã—ãŸè­°å“¡ã«ä¼¼åˆã‚ãªã„è¨€è‘‰ã§ã™ã€‚ https://t.co/d6dQux2MNb"
neutral,"@Atenyannyann SDGsã¨ã¯ã€ã€ŒSustainable Development Goalsï¼ˆæŒç¶šå¯èƒ½ãªé–‹ç™ºç›®æ¨™ï¼‰ã€ã®ã“ã¨ã€‚2015å¹´9æœˆã«å›½é€£ã§æ¡æŠã•ã‚Œã¾ã—ãŸã€‚ã“ã‚Œã¯ã€è²§å›°ã‚„ç´›äº‰ã€æ°—å€™å¤‰å‹•ã«ã‚ˆã‚‹è‡ªç„¶ç½å®³ã€æ„ŸæŸ“ç—‡ã¨ã„ã£ãŸäººé¡ãŒç›´é¢ã—ã¦ã„ã‚‹èª²é¡Œã‚’æ•´ç†ã—ã€2030å¹´ã¾ã§ã«ä¸–ç•ŒãŒé”æˆã™ã¹ãç›®æ¨™ã‚’ç«‹ã¦ãŸâ€œé“ã—ã‚‹ã¹â€ã§ã™ã€‚
ãƒ¾(*Â´âˆ€ï½€*)ï¾‰ï½·ï½¬ï½¯ï½·ï½¬ï½¯"
negative,"ã‚“ãŒãŒãŒğŸ˜¢

""Suffering and violence throughout the country are devastating prospects for sustainable development, and raise the possibility of state failure or a broader civil war,"" she said. https://t.co/gxtL2kxJOC"
neutral,"@EfrenEduardoPF Gracias, Pats! QuiÃ©n iba a decir que terminarÃ­a en sustainable development jajaja"
positive,The #UN High Level Political Forum on Sustainable Development starts today. #Barbados and our Minister for Economic Affairs and Investment @MarshaCaddle  have a lot to say about reaching key development goals in an equitable post-pandemic world. 1/2 https://t.co/zX9a62CU8V
positive,"https://t.co/A51pOwr9LE
U.S.-China Collaboration is Vital to Global Plans for a Healthy Environment and Sustainable Development"
positive,"HOPe/Hiroshima Prefecture will hold a session on the ""Special Event of the UN 2021 High-Level Political Forum on Sustainable Development"".
Please register nowâ†“ã€€Theme: Nuclear Disarmament and Our Sustainable Future

#SDGs #HLPF 

https://t.co/oobbQd5Qk6 https://t.co/BahdnQr71E"
negative,"CCG President Dr.@HuiyaoWang was invited to the Embassy of Switzerland to China on July 4 to join a luncheon hosted by @OIFrancophonie and discuss a wide range of issues like climate change, green tech, sustainable development and international cooperation. https://t.co/vvcq6V2wEB"
negative,"IMUN also looks at attaining the United Nations Sustainable Development Goals (UN SDGs) of mental health and eLearning access, gender equality, and no poverty and zero hunger ğŸ¤©"
positive,"5th Research Forum for Sustainable Living and Conviviality. Climate change and related issues will be discussed. Everyone welcome.
#ClimateChange #Anthropocene #SustainableDevelopment #degrowth #education #inclusion #æ°—å€™å¤‰å‹• #äººæ–°ä¸– #SDGs ï¼ƒè„±æˆé•· #æ•™è‚²å­¦ #æ—©ç¨²ç”°å¤§å­¦ #waseda https://t.co/m9BLJNtAVo"
neutral,"SDGsã¨ã¯è¨€ã†ã¾ã§ã‚‚ãªãã€Sustainable Development Goalsã®ç•¥ã§ã€

ã€ŒæŒç¶šå¯èƒ½ãªé–‹ç™ºç›®æ¨™ã€

ã§ã™ã€‚

è©³ã—ãã¯ã€å¤–å‹™çœã®ã‚µã‚¤ãƒˆã«ã‚‚ã‚ã‚Šã¾ã™ã€‚ã”å­˜çŸ¥ã‹ã¨æ€ã„ã¾ã™ãŒã€å‚è€ƒã¾ã§ã«ãƒªãƒ³ã‚¯ã‚’è²¼ã£ã¦ãŠãã¾ã™ã€‚
https://t.co/it3XliKiG8"
positive,"Fjord City Brings Unique Design to Sustainable Development in Norway
#MakeAnything #Redshift #AutodeskAmbassador #AmbassadorHub https://t.co/r3f4So1GS0"
neutral,"ğŸ¤“ Attending the @UN #HLPF this year? ğŸ™‹ğŸ™‹ If so, join our discussions on #carbonneutrality &amp; #socialtransformation w/ @UNUEHS &amp; @UNUINRA, #education for #sustainabledevelopment, and #biodiversity â¡ï¸ https://t.co/rynbXLMykX

#BuildBackBetter #GlobalGoals #SDGs #ActNow #COVID19 https://t.co/vA0SuepL8k"
neutral,Mental health status of adolescents in South-East Asia: evidence for action https://t.co/iJyD0VJjei #DataScience #Econometrics #Researchã€€#GlobalHealthã€€ï¼ƒSDGs ï¼ƒSustainableDevelopment ï¼ƒSustainableDevelopmentGoalsã€€#GlobalEducation #Education #SDG4ã€€#emotionalwelfare
neutral,"SDGsã¨ã¯ã€ŒSustainable Development Goalsï¼ˆæŒç¶šå¯èƒ½ãªé–‹ç™ºç›®æ¨™ï¼‰
SDGsã®é€£å‘¼ã¯åˆ†ã‹ã£ãŸã‚ˆã€ã¾ãšå³ã‚¢ã‚¯ã‚·ãƒ§ãƒ³ã—ã¦ãã‚Œã€‚PPTã¨ã‹ä½œã£ã¦ã‚‹ãƒ’ãƒã‚ã‚‹ãªã‚‰ã€å­ã©ã‚‚é£Ÿå ‚ã¨ã‹ã€å­¦ç«¥ã¯ãƒœãƒ©ãƒ³ãƒ†ã‚£ã‚¢ã§æˆã‚Šç«‹ã£ã¦ã‚‹ãã€‚ https://t.co/WVDCBKuNh1"
positive,"Former diplomat of #Iceland and #PKU alumnus Ragnar Baldursson shared with @ChinaDaily on how China developed its sustainable development goals, through cooperation with Iceland."
neutral,"ä»Šæ—¥ã¯æ±äº¬éƒ½è­°ä¼šè­°å“¡é¸æŒ™ã®æœŸæ—¥å‰æŠ•ç¥¨ã«è¡Œã£ã¦ãã¾ã—ãŸã€‚
éƒ½æ°‘ã¨ã—ã¦ã®æ¨©åˆ©ã‚’è¡Œä½¿ã—ã¦ãã¾ã—ãŸã‚ˆğŸ˜‰

ã—ã‹ã—æŠ•ç¥¨ç”¨ç´™ã®å…¥ã£ãŸå°ç­’ã‚’è¦‹ã‚‹ã¨SUSTAINABLE DEVELOPMENT GOALSã®æ–‡å­—ãŒâ€¦ğŸ˜³

SDGsï¼ï¼
ã“ã‚“ãªã¨ã“ã‚ã§ã¾ã§SDGsã‚¢ãƒ”ãƒ¼ãƒ«ã‹ï½—ï½—ï½—ğŸ˜‚
#æ±äº¬éƒ½è­°ä¼šè­°å“¡é¸æŒ™ 
#SDGs https://t.co/NN8IoPcXgv"
neutral,"Staring Now! Integrating Sustainable Development Goals in Curriculum with @sodhisumedha ! #gegapac 
https://t.co/M0Urwowztb"
neutral,"@NATINATIsyou ç•¥ã—ãŸã‚‰ã‚ã‹ã‚“ã§ï¼
Sustainable
Development
Goals
ã‚„ã§ï¼Ÿ"
neutral,G20å¤–ç›¸åŠã³é–‹ç™ºå¤§è‡£é–¢é€£ä¼šåˆï¼ˆæ¦‚è¦ï¼‰ https://t.co/vl8RtMBbjQ ã€€#GlobalDev #GlobalDevelopment #InternationalDevelopment #Devã€€#GlobalGovernanceã€€#ChinaasaDevelopmentActor #DonorChina #ChinaAfricaã€€#DataScience #Econometrics #Researchã€€ï¼ƒSDGs ï¼ƒSustainableDevelopment ï¼ƒSDG4
neutral,"SDGsï¼ˆSustainable Development Goalsï¼‰ã“ã®ç•¥èªã‚’èã„ãŸæ™‚ãªã‚“ã ï¼Ÿã¨æ€ã£ãŸã€‚
æŒç¶šå¯èƒ½ãªé–‹ç™ºç›®æ¨™â€¦ä½•ã®ã“ã£ã¡ã‚ƒã¨æ€ã£ãŸã€‚
ãã‚Œã‹ã‚‰20å¹´çµŒã¤ã ã‚ã†ãŒã€ã‚³ãƒ­ãƒŠç¦ã€SDGsã«é–¢ã™ã‚‹ã‚»ãƒŸãƒŠãƒ¼å‘ŠçŸ¥ã‚’ã‚ˆãç›®ã«ã—ã€ç†è§£ã§ããŸã€‚
åœ°åŸŸé›†è½ãŒåŠ©ã‘åˆã†å¿ƒã‚„åŠ´åŠ›ã‚’å½“ç„¶ã¨ã—ãŸç¸„æ–‡ä¸€ä¸‡å¹´ã®å¹³å’Œã¨è±Šã‹ã•ã«åŒã˜ã€‚ https://t.co/kqk1dIduEW"
negative,"""I have always been very passionate about environmental protection."" 
Read Huanâ€™s blog about how the UK education provided her with the skills to pursue a career in sustainable development. https://t.co/L0Kse5mDKa @StudyUKBritish #StudyUK https://t.co/TUdxuGoNMa"
neutral,"#Nã‚‰ã˜
ãŠã°ã‚ã¡ã‚ƒã‚“ã®æ–™ç†ã¯
SDGsã€ŒSustainable Development Goalsï¼ˆæŒç¶šå¯èƒ½ãªé–‹ç™ºç›®æ¨™ï¼‰ã€
é‡èœã®çš®ã‚‚è‘‰ã£ã±ã‚‚é­šã®éª¨ã‚‚æ£„ã¦ã‚‹æ‰€ã¯å°‘ãªã‹ã£ãŸã‚ˆã€‚"
neutral,"Banco do Brasil has the potential to be an instrumental partner in directing NDBâ€™s resources towards the countryâ€™s infrastructure and sustainable development,"" said the NDB President."
neutral,"ESD(Education for Sustainable Development)ã¯
ã€ŒæŒç¶šå¯èƒ½ãªé–‹ç™ºã®ãŸã‚ã®æ•™è‚²ã€ã¨è¨³ã•ã‚Œã€ä¸–ç•Œã«ã¯æ°—å€™å¤‰å‹•ã€ç”Ÿç‰©å¤šæ§˜æ€§ã®å–ªå¤±ã€è³‡æºã®æ¯æ¸‡ã€è²§å›°ã®æ‹¡å¤§ç­‰äººé¡ã®é–‹ç™ºæ´»å‹•ã«èµ·å› ã™ã‚‹æ§˜ã€…ãªå•é¡ŒãŒã‚ã‚Šã¾ã™ã€‚ https://t.co/XMlcwGOhpj"
neutral,SDGs(Sustainable Development Goals)(ä¸€éƒ¨ã®æ¥­ç•ŒãŒæŒç¶šä¸å¯èƒ½ã«ãªã‚‹)
positive,"Excellent discussion with my colleagues Dr Shahbaz Khan, Rep @UNESCO ğŸ‡¨ğŸ‡³ &amp; Dr Matteo Marchisio, Rep @IFAD ğŸ‡¨ğŸ‡³ on rural revitalization &amp; @UNinChina Sustainable Development Cooperation Framework. We agreed on areas of convergences &amp; synergies to support the Government of China ğŸ‡¨ğŸ‡³. https://t.co/ZG80wZs9QQ"
